grain,level,forecast_origin_date,horizon_days,actual_revenue,p10_revenue,p50_revenue,p90_revenue,actual_spend,actual_roas,p10_roas,p50_roas,p90_roas
Search,campaign_type,2026-02-01,30,174019.11,167577.48,196660.27,219745.37,62557.25,2.78,2.68,3.14,3.51
Search,campaign_type,2026-02-02,30,168804.07,165332.04,193557.43,216462.5,60065.35,2.81,2.75,3.22,3.6
Search,campaign_type,2026-02-03,30,160075.56,165331.5,191757.32,217152.18,57530.03,2.78,2.87,3.33,3.77
Search,campaign_type,2026-02-04,30,154429.91,161134.16,191100.96,213554.51,55081.37,2.8,2.93,3.47,3.88
Search,campaign_type,2026-02-05,30,147296.81,152715.18,191577.76,213529.61,52680.49,2.8,2.9,3.64,4.05
Search,campaign_type,2026-02-06,30,143491.14,152900.84,186670.32,213426.97,50298.3,2.85,3.04,3.71,4.24
Search,campaign_type,2026-02-07,30,140362.65,152387.64,184009.86,209640.26,45658.31,3.07,3.34,4.03,4.59
Search,campaign_type,2026-02-08,30,135235.94,144675.2,185096.69,208278.03,41637.12,3.25,3.47,4.45,5.0
Search,campaign_type,2026-02-09,30,130197.03,144201.4,179743.56,194040.39,38516.0,3.38,3.74,4.67,5.04
Search,campaign_type,2026-02-10,30,122399.47,114378.9,181961.25,193579.98,35596.97,3.44,3.21,5.11,5.44
Search,campaign_type,2026-02-11,30,116206.73,89500.8,176721.35,193736.91,32771.33,3.55,2.73,5.39,5.91
Search,campaign_type,2026-02-12,30,111172.21,91118.68,162534.72,192307.85,29978.36,3.71,3.04,5.42,6.41
Search,campaign_type,2026-02-13,30,104569.35,91126.27,155936.16,191682.31,24940.22,4.19,3.65,6.25,7.69
Search,campaign_type,2026-02-14,30,100779.98,91037.37,150893.01,191060.82,21322.82,4.73,4.27,7.08,8.96
Search,campaign_type,2026-02-15,30,93472.94,85938.91,144865.48,191246.37,17786.4,5.26,4.83,8.14,10.75
Search,campaign_type,2026-02-16,30,89077.76,82936.28,145106.55,190487.4,13712.41,6.5,6.05,10.58,13.89
Search,campaign_type,2026-02-17,30,81343.29,62757.57,127626.16,189905.8,10428.75,7.8,6.02,12.24,18.21
Search,campaign_type,2026-02-18,30,78089.44,61185.02,127087.99,189741.24,9778.69,7.99,6.26,13.0,19.4
Search,campaign_type,2026-02-19,30,76127.18,58894.58,120334.0,189310.66,9290.64,8.19,6.34,12.95,20.38
Search,campaign_type,2026-02-20,30,73910.72,59053.8,119506.23,190473.77,8901.51,8.3,6.63,13.43,21.4
Search,campaign_type,2026-02-21,30,70115.86,59235.87,118573.01,188753.71,8463.92,8.28,7.0,14.01,22.3
Search,campaign_type,2026-02-22,30,65496.66,57974.63,118821.34,188589.32,8066.11,8.12,7.19,14.73,23.38
Search,campaign_type,2026-02-23,30,62071.05,58337.48,121023.82,190648.39,7701.43,8.06,7.57,15.71,24.75
Search,campaign_type,2026-02-24,30,59116.13,59965.49,121214.55,188950.3,7380.45,8.01,8.12,16.42,25.6
Search,campaign_type,2026-02-25,30,56328.75,59438.07,121541.25,187375.41,7246.16,7.77,8.2,16.77,25.86
Search,campaign_type,2026-02-26,30,54750.1,57872.29,119875.77,186762.37,7134.15,7.67,8.11,16.8,26.18
Search,campaign_type,2026-02-27,30,52809.21,57672.08,119546.47,186840.61,7032.25,7.51,8.2,17.0,26.57
Search,campaign_type,2026-02-28,30,50657.24,59652.5,119339.76,188611.6,6903.27,7.34,8.64,17.29,27.32
Search,campaign_type,2026-02-01,60,235171.67,154834.84,181553.03,211839.12,51135.37,4.6,3.03,3.55,4.14
Search,campaign_type,2026-02-02,60,241593.22,152096.34,175215.46,211602.83,53427.02,4.52,2.85,3.28,3.96
Search,campaign_type,2026-02-03,60,250202.16,152368.67,181328.52,211024.33,55943.19,4.47,2.72,3.24,3.77
Search,campaign_type,2026-02-04,60,256966.85,156306.16,185033.45,208454.86,58035.48,4.43,2.69,3.19,3.59
Search,campaign_type,2026-02-05,60,264358.2,153312.75,183903.65,208136.33,59985.09,4.41,2.56,3.07,3.47
Search,campaign_type,2026-02-06,60,269205.28,159683.19,183737.14,207795.8,62417.28,4.31,2.56,2.94,3.33
Search,campaign_type,2026-02-07,60,274258.29,151831.9,187316.05,211771.89,66979.26,4.09,2.27,2.8,3.16
Search,campaign_type,2026-02-08,60,279506.82,159174.71,187829.92,212441.21,70786.8,3.95,2.25,2.65,3.0
Search,campaign_type,2026-02-09,60,286668.45,172539.25,193279.61,213128.01,73754.15,3.89,2.34,2.62,2.89
Search,campaign_type,2026-02-10,60,293250.51,140555.02,192957.92,212004.11,76630.5,3.83,1.83,2.52,2.77
Search,campaign_type,2026-02-11,60,300425.39,158572.25,207741.78,213345.63,79277.33,3.79,2.0,2.62,2.69
Search,campaign_type,2026-02-12,60,305514.24,157824.37,207750.05,213360.89,82092.43,3.72,1.92,2.53,2.6
Search,campaign_type,2026-02-13,60,313121.2,158568.01,210685.41,215818.8,87114.79,3.59,1.82,2.42,2.48
Search,campaign_type,2026-02-14,60,318191.93,158599.58,215345.71,219778.8,90767.51,3.51,1.75,2.37,2.42
Search,campaign_type,2026-02-15,60,326569.21,158487.1,215500.03,219954.83,94304.71,3.46,1.68,2.29,2.33
Search,campaign_type,2026-02-16,60,332021.87,165557.53,216145.71,219550.42,98666.82,3.37,1.68,2.19,2.23
Search,campaign_type,2026-02-17,60,339229.98,162678.26,215827.47,219591.21,101846.71,3.33,1.6,2.12,2.16
Search,campaign_type,2026-02-18,60,341320.24,162576.61,215872.52,219169.77,102190.72,3.34,1.59,2.11,2.14
Search,campaign_type,2026-02-19,60,343121.86,167388.7,216960.22,218419.47,102458.96,3.35,1.63,2.12,2.13
Search,campaign_type,2026-02-20,60,344378.21,170679.75,217390.59,218255.08,102645.65,3.36,1.66,2.12,2.13
Search,campaign_type,2026-02-21,60,345292.49,170147.65,218061.52,218509.83,102669.46,3.36,1.66,2.12,2.13
Search,campaign_type,2026-02-22,60,346576.0,172125.88,217923.05,218437.25,102562.79,3.38,1.68,2.12,2.13
Search,campaign_type,2026-02-23,60,348571.49,174614.91,213347.16,219532.17,102547.48,3.4,1.7,2.08,2.14
Search,campaign_type,2026-02-24,60,349583.69,175249.03,218576.28,220190.0,102500.13,3.41,1.71,2.13,2.15
Search,campaign_type,2026-02-25,60,350742.26,177394.19,220166.92,220122.36,102305.86,3.43,1.73,2.15,2.15
Search,campaign_type,2026-02-26,60,351226.45,169363.98,220522.85,220102.37,102100.89,3.44,1.66,2.16,2.16
Search,campaign_type,2026-02-27,60,349791.91,164608.88,220583.67,220075.81,101807.27,3.44,1.62,2.17,2.16
Search,campaign_type,2026-02-28,60,349072.0,166449.74,220644.83,220278.82,101521.83,3.44,1.64,2.17,2.17
Search,campaign_type,2026-02-01,90,130558.35,102801.37,127819.81,133601.54,31213.3,4.18,3.29,4.1,4.28
Search,campaign_type,2026-02-02,90,133293.98,102747.24,127693.17,133713.95,31525.43,4.23,3.26,4.05,4.24
Search,campaign_type,2026-02-03,90,136830.69,102595.62,126850.25,133590.05,31675.57,4.32,3.24,4.0,4.22
Search,campaign_type,2026-02-04,90,139690.14,102772.54,125921.05,133767.64,31719.38,4.4,3.24,3.97,4.22
Search,campaign_type,2026-02-05,90,142088.59,103147.07,126721.82,133907.54,31775.04,4.47,3.25,3.99,4.21
Search,campaign_type,2026-02-06,90,145274.64,103488.53,126034.99,133991.25,31791.42,4.57,3.26,3.96,4.21
Search,campaign_type,2026-02-07,90,149524.29,103245.57,126738.49,134081.98,31787.97,4.7,3.25,3.99,4.22
Search,campaign_type,2026-02-08,90,152180.02,103055.16,126678.81,134037.52,31779.32,4.79,3.24,3.99,4.22
Search,campaign_type,2026-02-09,90,155668.7,105842.51,127059.48,125939.23,32000.45,4.86,3.31,3.97,3.94
Search,campaign_type,2026-02-10,90,158482.87,106314.79,126465.44,125767.2,32283.1,4.91,3.29,3.92,3.9
Search,campaign_type,2026-02-11,90,161876.18,105835.99,126182.74,126028.86,32354.88,5.0,3.27,3.9,3.9
Search,campaign_type,2026-02-12,90,166702.37,105621.83,125447.35,125840.52,32354.45,5.15,3.26,3.88,3.89
Search,campaign_type,2026-02-13,90,173755.02,104671.24,125559.03,125851.88,32783.08,5.3,3.19,3.83,3.84
Search,campaign_type,2026-02-14,90,176703.58,104481.96,125395.83,125870.89,33110.81,5.34,3.16,3.79,3.8
Search,campaign_type,2026-02-15,90,180372.77,104462.67,125105.79,125850.18,33536.32,5.38,3.11,3.73,3.75
Search,campaign_type,2026-02-16,90,181702.63,105099.61,125161.1,125886.29,34023.64,5.34,3.09,3.68,3.7
Search,campaign_type,2026-02-17,90,185634.1,104911.8,125687.89,125680.77,34534.16,5.38,3.04,3.64,3.64
Search,campaign_type,2026-02-18,90,187171.89,105051.0,127220.96,125650.36,34872.7,5.37,3.01,3.65,3.6
Search,campaign_type,2026-02-19,90,190766.21,104598.59,128123.78,126106.65,35342.98,5.4,2.96,3.63,3.57
Search,campaign_type,2026-02-20,90,195492.9,104692.22,128151.21,126790.0,35745.91,5.47,2.93,3.59,3.55
Search,campaign_type,2026-02-21,90,198684.25,104999.06,128631.66,127432.2,35848.17,5.54,2.93,3.59,3.55
Search,campaign_type,2026-02-22,90,202585.06,105447.29,128280.32,127272.91,36255.23,5.59,2.91,3.54,3.51
Search,campaign_type,2026-02-23,90,208575.19,105833.71,128030.05,128269.21,37743.63,5.53,2.8,3.39,3.4
Search,campaign_type,2026-02-24,90,215416.88,114789.17,126693.43,127818.07,40958.38,5.26,2.8,3.09,3.12
Search,campaign_type,2026-02-25,90,222772.34,129736.33,148330.18,145465.0,44022.12,5.06,2.95,3.37,3.3
Search,campaign_type,2026-02-26,90,226939.99,129878.77,149190.32,145454.57,47547.78,4.77,2.73,3.14,3.06
Search,campaign_type,2026-02-27,90,237177.85,146518.82,158279.81,163758.16,51192.92,4.63,2.86,3.09,3.2
Search,campaign_type,2026-02-28,90,243548.33,145935.26,158875.67,163876.09,53196.82,4.58,2.74,2.99,3.08
Pmax,campaign_type,2026-02-01,30,86046.59,75574.96,87122.1,88653.48,82104.11,1.05,0.92,1.06,1.08
Pmax,campaign_type,2026-02-02,30,83024.26,90307.0,81256.33,88179.25,75856.9,1.09,1.19,1.07,1.16
Pmax,campaign_type,2026-02-03,30,79122.64,75890.18,76190.87,92101.11,71869.83,1.1,1.06,1.06,1.28
Pmax,campaign_type,2026-02-04,30,77257.94,77147.12,75577.01,96052.47,69663.09,1.11,1.11,1.08,1.38
Pmax,campaign_type,2026-02-05,30,75232.37,76183.81,71215.89,96118.65,66418.8,1.13,1.15,1.07,1.45
Pmax,campaign_type,2026-02-06,30,73536.11,76443.67,73139.66,96644.55,63675.85,1.15,1.2,1.15,1.52
Pmax,campaign_type,2026-02-07,30,71499.09,72009.35,71238.74,83822.6,60258.05,1.19,1.2,1.18,1.39
Pmax,campaign_type,2026-02-08,30,69384.45,71793.22,71837.56,84312.16,57424.94,1.21,1.25,1.25,1.47
Pmax,campaign_type,2026-02-09,30,66835.98,59507.22,62006.02,79705.99,54525.9,1.23,1.09,1.14,1.46
Pmax,campaign_type,2026-02-10,30,64594.25,54726.77,59534.91,74194.19,51301.07,1.26,1.07,1.16,1.45
Pmax,campaign_type,2026-02-11,30,63384.35,54658.32,59432.6,74207.55,49247.91,1.29,1.11,1.21,1.51
Pmax,campaign_type,2026-02-12,30,60109.73,51080.66,57695.29,69181.36,45129.13,1.33,1.13,1.28,1.53
Pmax,campaign_type,2026-02-13,30,56556.69,47769.15,53784.08,63065.01,39665.1,1.43,1.2,1.36,1.59
Pmax,campaign_type,2026-02-14,30,55119.87,44321.52,56052.38,62789.34,35208.43,1.57,1.26,1.59,1.78
Pmax,campaign_type,2026-02-15,30,52026.6,39488.26,50637.88,47804.67,30710.13,1.69,1.29,1.65,1.56
Pmax,campaign_type,2026-02-16,30,49449.83,34699.25,43051.15,52074.4,25926.72,1.91,1.34,1.66,2.01
Pmax,campaign_type,2026-02-17,30,45862.48,31893.74,33479.6,35504.86,21815.96,2.1,1.46,1.53,1.63
Pmax,campaign_type,2026-02-18,30,44867.4,30330.51,35750.07,37404.0,21339.19,2.1,1.42,1.68,1.75
Pmax,campaign_type,2026-02-19,30,43971.65,30422.16,35663.76,36517.7,21032.31,2.09,1.45,1.7,1.74
Pmax,campaign_type,2026-02-20,30,42557.57,30431.65,32746.03,39208.67,20683.07,2.06,1.47,1.58,1.9
Pmax,campaign_type,2026-02-21,30,40880.54,29673.89,31305.13,35658.04,20113.16,2.03,1.48,1.56,1.77
Pmax,campaign_type,2026-02-22,30,39054.45,28584.41,29737.55,34050.78,19681.87,1.98,1.45,1.51,1.73
Pmax,campaign_type,2026-02-23,30,37818.43,27926.12,29738.07,34607.57,19259.67,1.96,1.45,1.54,1.8
Pmax,campaign_type,2026-02-24,30,37177.32,26141.33,27812.25,34742.88,18814.38,1.98,1.39,1.48,1.85
Pmax,campaign_type,2026-02-25,30,36660.81,26106.85,28158.83,32897.01,18693.23,1.96,1.4,1.51,1.76
Pmax,campaign_type,2026-02-26,30,36388.32,26191.48,27956.95,32442.98,18564.79,1.96,1.41,1.51,1.75
Pmax,campaign_type,2026-02-27,30,36319.33,25986.6,27755.75,32582.06,18514.01,1.96,1.4,1.5,1.76
Pmax,campaign_type,2026-02-28,30,36307.8,26281.92,27926.32,32690.96,18502.14,1.96,1.42,1.51,1.77
Pmax,campaign_type,2026-02-01,60,115585.8,123612.59,134650.69,158853.62,127104.05,0.91,0.97,1.06,1.25
Pmax,campaign_type,2026-02-02,60,119839.86,123579.59,118518.91,166658.34,133440.31,0.9,0.93,0.89,1.25
Pmax,campaign_type,2026-02-03,60,125223.1,139121.59,151933.31,166373.96,138366.68,0.91,1.01,1.1,1.2
Pmax,campaign_type,2026-02-04,60,128373.73,139780.64,152772.2,166986.33,141219.43,0.91,0.99,1.08,1.18
Pmax,campaign_type,2026-02-05,60,131360.1,132605.22,151897.06,167622.38,145147.11,0.91,0.91,1.05,1.15
Pmax,campaign_type,2026-02-06,60,134380.67,136715.79,152481.89,168131.59,148566.87,0.9,0.92,1.03,1.13
Pmax,campaign_type,2026-02-07,60,137013.13,131499.59,152290.09,167579.52,152314.91,0.9,0.86,1.0,1.1
Pmax,campaign_type,2026-02-08,60,139164.58,128272.3,150885.06,160303.78,155600.04,0.89,0.82,0.97,1.03
Pmax,campaign_type,2026-02-09,60,142463.41,178057.57,149805.4,163320.19,158846.68,0.9,1.12,0.94,1.03
Pmax,campaign_type,2026-02-10,60,146619.74,163707.39,146443.85,162910.76,162687.76,0.9,1.01,0.9,1.0
Pmax,campaign_type,2026-02-11,60,148669.18,162109.5,141660.56,161352.54,165041.8,0.9,0.98,0.86,0.98
Pmax,campaign_type,2026-02-12,60,151764.13,163199.92,142253.03,161171.27,169269.81,0.9,0.96,0.84,0.95
Pmax,campaign_type,2026-02-13,60,155514.23,159383.88,143229.62,158795.53,174934.83,0.89,0.91,0.82,0.91
Pmax,campaign_type,2026-02-14,60,158146.34,175288.2,159770.35,165341.05,179841.26,0.88,0.97,0.89,0.92
Pmax,campaign_type,2026-02-15,60,161998.21,175337.25,158989.58,164062.6,184690.18,0.88,0.95,0.86,0.89
Pmax,campaign_type,2026-02-16,60,165641.22,175620.61,154827.39,164227.49,189957.18,0.87,0.92,0.82,0.86
Pmax,campaign_type,2026-02-17,60,170346.31,195746.01,169030.59,170853.99,194474.85,0.88,1.01,0.87,0.88
Pmax,campaign_type,2026-02-18,60,171075.05,195874.3,168682.1,171482.37,194673.84,0.88,1.01,0.87,0.88
Pmax,campaign_type,2026-02-19,60,172150.63,196930.44,167823.31,171972.16,194627.77,0.88,1.01,0.86,0.88
Pmax,campaign_type,2026-02-20,60,173543.21,196788.06,167519.12,171886.89,194615.25,0.89,1.01,0.86,0.88
Pmax,campaign_type,2026-02-21,60,175191.81,196314.43,166937.33,172679.93,194909.65,0.9,1.01,0.86,0.89
Pmax,campaign_type,2026-02-22,60,176962.98,210466.35,173608.23,172051.02,195046.87,0.91,1.08,0.89,0.88
Pmax,campaign_type,2026-02-23,60,177597.57,196632.18,173464.65,170527.4,195110.2,0.91,1.01,0.89,0.87
Pmax,campaign_type,2026-02-24,60,178427.78,192286.68,151862.84,169601.35,195240.3,0.91,0.98,0.78,0.87
Pmax,campaign_type,2026-02-25,60,178508.88,207009.95,157742.33,169193.92,194996.4,0.92,1.06,0.81,0.87
Pmax,campaign_type,2026-02-26,60,178368.66,192493.95,157386.7,169689.42,194555.77,0.92,0.99,0.81,0.87
Pmax,campaign_type,2026-02-27,60,178310.99,192641.43,151663.98,169649.47,194041.82,0.92,0.99,0.78,0.87
Pmax,campaign_type,2026-02-28,60,177932.3,193122.28,151731.2,170355.0,193461.0,0.92,1.0,0.78,0.88
Pmax,campaign_type,2026-02-01,90,71053.81,71153.97,73417.28,71305.98,48166.63,1.48,1.48,1.52,1.48
Pmax,campaign_type,2026-02-02,90,71295.28,70100.28,73608.45,71727.37,48185.26,1.48,1.45,1.53,1.49
Pmax,campaign_type,2026-02-03,90,71833.49,70574.59,72633.21,79081.62,48148.56,1.49,1.47,1.51,1.64
Pmax,campaign_type,2026-02-04,90,72157.32,71121.46,73625.96,81814.28,47990.44,1.5,1.48,1.53,1.7
Pmax,campaign_type,2026-02-05,90,72931.71,72359.21,73898.75,80938.71,47684.28,1.53,1.52,1.55,1.7
Pmax,campaign_type,2026-02-06,90,72861.28,71073.14,73624.61,84749.17,47343.44,1.54,1.5,1.56,1.79
Pmax,campaign_type,2026-02-07,90,73298.6,72530.68,75015.42,79848.71,46889.48,1.56,1.55,1.6,1.7
Pmax,campaign_type,2026-02-08,90,73432.05,73745.0,75450.74,79609.88,46624.0,1.57,1.58,1.62,1.71
Pmax,campaign_type,2026-02-09,90,73018.82,71402.98,74202.25,79893.44,46696.45,1.56,1.53,1.59,1.71
Pmax,campaign_type,2026-02-10,90,73271.47,71850.63,73817.93,78054.29,46654.03,1.57,1.54,1.58,1.67
Pmax,campaign_type,2026-02-11,90,73885.79,72352.62,73112.22,77943.85,46543.89,1.59,1.55,1.57,1.67
Pmax,campaign_type,2026-02-12,90,75552.13,73761.19,74550.2,77488.66,47212.62,1.6,1.56,1.58,1.64
Pmax,campaign_type,2026-02-13,90,78442.15,73579.39,73427.22,77746.81,49841.34,1.57,1.48,1.47,1.56
Pmax,campaign_type,2026-02-14,90,82757.18,74148.72,73548.39,79357.65,53293.85,1.55,1.39,1.38,1.49
Pmax,campaign_type,2026-02-15,90,87147.76,76222.8,74383.55,79384.83,56408.2,1.54,1.35,1.32,1.41
Pmax,campaign_type,2026-02-16,90,89321.04,76588.19,76922.69,81918.42,58966.81,1.51,1.3,1.3,1.39
Pmax,campaign_type,2026-02-17,90,89070.88,76532.49,77950.3,82452.35,61163.55,1.46,1.25,1.27,1.35
Pmax,campaign_type,2026-02-18,90,89936.3,76314.4,77801.28,81653.13,63628.62,1.41,1.2,1.22,1.28
Pmax,campaign_type,2026-02-19,90,90773.68,77686.88,77643.58,80331.22,67773.24,1.34,1.15,1.15,1.19
Pmax,campaign_type,2026-02-20,90,91982.84,78202.02,77795.98,82576.06,69385.18,1.33,1.13,1.12,1.19
Pmax,campaign_type,2026-02-21,90,94338.12,83054.3,82775.62,84088.06,72908.55,1.29,1.14,1.14,1.15
Pmax,campaign_type,2026-02-22,90,97285.2,85435.54,87929.66,86015.16,76944.27,1.26,1.11,1.14,1.12
Pmax,campaign_type,2026-02-23,90,101615.43,93170.37,97637.82,95322.78,82325.29,1.23,1.13,1.19,1.16
Pmax,campaign_type,2026-02-24,90,109471.96,95104.35,110072.06,104747.65,93429.62,1.17,1.02,1.18,1.12
Pmax,campaign_type,2026-02-25,90,115433.65,103556.84,117758.22,115584.42,104502.42,1.1,0.99,1.13,1.11
Pmax,campaign_type,2026-02-26,90,120692.99,93015.53,139552.64,132206.65,115260.01,1.05,0.81,1.21,1.15
Pmax,campaign_type,2026-02-27,90,127073.95,114329.75,140248.31,132150.25,123947.68,1.03,0.92,1.13,1.07
Pmax,campaign_type,2026-02-28,90,130915.69,132794.77,140388.71,139609.59,129052.99,1.01,1.03,1.09,1.08
Direct,campaign_type,2026-02-01,30,138216.23,74939.33,59878.98,110501.7,0.0,,,,
Direct,campaign_type,2026-02-02,30,135887.12,74111.28,60802.01,115361.75,0.0,,,,
Direct,campaign_type,2026-02-03,30,130623.71,73222.15,61077.42,114850.62,0.0,,,,
Direct,campaign_type,2026-02-04,30,126633.71,73313.96,62385.61,115488.8,0.0,,,,
Direct,campaign_type,2026-02-05,30,119267.19,74396.37,62332.62,115099.27,0.0,,,,
Direct,campaign_type,2026-02-06,30,112101.31,75686.98,62220.54,114902.16,0.0,,,,
Direct,campaign_type,2026-02-07,30,106343.54,75671.57,62683.25,115220.13,0.0,,,,
Direct,campaign_type,2026-02-08,30,100707.15,76291.53,62745.16,123703.97,0.0,,,,
Direct,campaign_type,2026-02-09,30,95570.08,78337.82,63137.61,123018.19,0.0,,,,
Direct,campaign_type,2026-02-10,30,92177.36,69991.03,61665.0,121813.36,0.0,,,,
Direct,campaign_type,2026-02-11,30,86996.6,73772.8,59753.97,117027.97,0.0,,,,
Direct,campaign_type,2026-02-12,30,81930.16,81885.62,58516.53,117354.83,0.0,,,,
Direct,campaign_type,2026-02-13,30,75556.0,90933.61,59333.79,117350.57,0.0,,,,
Direct,campaign_type,2026-02-14,30,71946.91,95745.56,59344.86,118283.15,0.0,,,,
Direct,campaign_type,2026-02-15,30,67984.49,92727.78,62196.27,118921.12,0.0,,,,
Direct,campaign_type,2026-02-16,30,62304.24,92517.2,64144.57,119949.68,0.0,,,,
Direct,campaign_type,2026-02-17,30,53349.12,92918.68,63734.05,120051.46,0.0,,,,
Direct,campaign_type,2026-02-18,30,50130.83,93149.88,68314.15,120003.6,0.0,,,,
Direct,campaign_type,2026-02-19,30,48484.0,95219.82,68070.28,120282.99,0.0,,,,
Direct,campaign_type,2026-02-20,30,48536.62,97091.61,68704.66,119162.18,0.0,,,,
Direct,campaign_type,2026-02-21,30,45447.41,96853.21,64029.75,119282.02,0.0,,,,
Direct,campaign_type,2026-02-22,30,42200.78,89917.05,64688.45,119567.68,0.0,,,,
Direct,campaign_type,2026-02-23,30,39128.57,91336.56,60677.77,119819.57,0.0,,,,
Direct,campaign_type,2026-02-24,30,38041.72,90161.28,61100.51,120012.81,0.0,,,,
Direct,campaign_type,2026-02-25,30,36780.47,90776.47,60836.92,119736.87,0.0,,,,
Direct,campaign_type,2026-02-26,30,36171.77,94815.23,64472.3,119066.2,0.0,,,,
Direct,campaign_type,2026-02-27,30,35039.44,97359.66,77576.29,119952.62,0.0,,,,
Direct,campaign_type,2026-02-28,30,34672.02,97593.5,80385.03,118910.19,0.0,,,,
Direct,campaign_type,2026-02-01,60,155732.73,105006.56,124873.45,138806.76,0.0,,,,
Direct,campaign_type,2026-02-02,60,157139.1,108674.44,124274.09,137349.89,0.0,,,,
Direct,campaign_type,2026-02-03,60,164362.95,103448.66,120458.84,138569.42,0.0,,,,
Direct,campaign_type,2026-02-04,60,169012.9,101308.35,120464.86,138278.63,0.0,,,,
Direct,campaign_type,2026-02-05,60,176568.96,101357.96,119870.71,138020.44,0.0,,,,
Direct,campaign_type,2026-02-06,60,183753.05,101267.08,119484.26,138016.67,0.0,,,,
Direct,campaign_type,2026-02-07,60,190288.29,96613.07,119510.77,135642.38,0.0,,,,
Direct,campaign_type,2026-02-08,60,195536.69,98161.22,118581.78,135768.44,0.0,,,,
Direct,campaign_type,2026-02-09,60,201530.18,94577.54,118859.58,135672.59,0.0,,,,
Direct,campaign_type,2026-02-10,60,205037.24,82936.31,121825.7,137472.49,0.0,,,,
Direct,campaign_type,2026-02-11,60,210960.99,83427.19,122485.2,136089.05,0.0,,,,
Direct,campaign_type,2026-02-12,60,215518.27,86885.78,124142.15,135316.04,0.0,,,,
Direct,campaign_type,2026-02-13,60,221890.21,86672.17,119421.13,134961.14,0.0,,,,
Direct,campaign_type,2026-02-14,60,226173.2,82318.85,104582.27,137818.67,0.0,,,,
Direct,campaign_type,2026-02-15,60,231009.36,82897.2,102075.26,137755.85,0.0,,,,
Direct,campaign_type,2026-02-16,60,236154.63,81581.54,104284.12,139609.81,0.0,,,,
Direct,campaign_type,2026-02-17,60,244897.87,79289.03,104571.22,140466.68,0.0,,,,
Direct,campaign_type,2026-02-18,60,247965.27,79538.19,104724.31,140857.21,0.0,,,,
Direct,campaign_type,2026-02-19,60,248837.52,79077.12,98872.85,140505.15,0.0,,,,
Direct,campaign_type,2026-02-20,60,248995.6,79743.54,98949.65,141395.71,0.0,,,,
Direct,campaign_type,2026-02-21,60,251263.72,76191.24,99145.36,140944.34,0.0,,,,
Direct,campaign_type,2026-02-22,60,251935.15,82506.02,97860.07,142008.81,0.0,,,,
Direct,campaign_type,2026-02-23,60,253836.58,76947.84,97906.99,142545.24,0.0,,,,
Direct,campaign_type,2026-02-24,60,254448.65,78378.46,98178.16,142731.81,0.0,,,,
Direct,campaign_type,2026-02-25,60,254834.93,78436.59,98413.43,145464.21,0.0,,,,
Direct,campaign_type,2026-02-26,60,254430.1,83624.88,102491.37,145099.37,0.0,,,,
Direct,campaign_type,2026-02-27,60,254593.4,86219.93,103985.8,145122.51,0.0,,,,
Direct,campaign_type,2026-02-28,60,253310.53,88181.01,103830.71,144615.43,0.0,,,,
Direct,campaign_type,2026-02-01,90,97589.78,91075.22,87409.35,120405.34,0.0,,,,
Direct,campaign_type,2026-02-02,90,99248.91,90733.62,88546.21,118103.14,0.0,,,,
Direct,campaign_type,2026-02-03,90,99416.86,91018.84,90343.95,119981.18,0.0,,,,
Direct,campaign_type,2026-02-04,90,100311.53,90923.43,90620.13,127167.3,0.0,,,,
Direct,campaign_type,2026-02-05,90,101315.52,90869.58,90620.28,127191.06,0.0,,,,
Direct,campaign_type,2026-02-06,90,103250.46,90781.82,90928.92,126981.09,0.0,,,,
Direct,campaign_type,2026-02-07,90,105947.53,91177.88,91879.31,155338.99,0.0,,,,
Direct,campaign_type,2026-02-08,90,106885.45,91236.64,91863.92,156836.96,0.0,,,,
Direct,campaign_type,2026-02-09,90,107810.49,92086.73,91779.26,153404.06,0.0,,,,
Direct,campaign_type,2026-02-10,90,109072.39,91537.94,92468.35,152951.15,0.0,,,,
Direct,campaign_type,2026-02-11,90,109804.92,90991.06,97322.15,154175.93,0.0,,,,
Direct,campaign_type,2026-02-12,90,110499.54,93691.3,100329.11,168773.23,0.0,,,,
Direct,campaign_type,2026-02-13,90,115299.63,92226.47,106104.93,171242.8,0.0,,,,
Direct,campaign_type,2026-02-14,90,118853.67,90456.44,106384.6,155866.39,0.0,,,,
Direct,campaign_type,2026-02-15,90,124612.61,90443.12,106482.07,153339.52,0.0,,,,
Direct,campaign_type,2026-02-16,90,127996.73,89214.98,106957.25,151965.18,0.0,,,,
Direct,campaign_type,2026-02-17,90,128059.28,89265.01,106944.15,128137.02,0.0,,,,
Direct,campaign_type,2026-02-18,90,129790.86,89737.99,106943.38,152014.68,0.0,,,,
Direct,campaign_type,2026-02-19,90,131706.94,86086.22,96288.43,122291.25,0.0,,,,
Direct,campaign_type,2026-02-20,90,132167.36,88089.96,96982.37,123503.71,0.0,,,,
Direct,campaign_type,2026-02-21,90,135306.02,87458.83,103641.01,112906.58,0.0,,,,
Direct,campaign_type,2026-02-22,90,138459.87,86866.93,94810.24,103997.55,0.0,,,,
Direct,campaign_type,2026-02-23,90,141173.35,84631.98,88950.51,103333.26,0.0,,,,
Direct,campaign_type,2026-02-24,90,149059.36,85669.52,88588.38,100299.53,0.0,,,,
Direct,campaign_type,2026-02-25,90,157286.67,85725.03,88417.55,99730.92,0.0,,,,
Direct,campaign_type,2026-02-26,90,164991.65,87866.26,88703.93,100226.78,0.0,,,,
Direct,campaign_type,2026-02-27,90,170893.59,87967.99,80852.12,97876.7,0.0,,,,
Direct,campaign_type,2026-02-28,90,174503.66,87263.28,81048.5,99386.43,0.0,,,,
Organic_Search,campaign_type,2026-02-01,30,73850.35,52656.93,29169.0,61932.86,0.0,,,,
Organic_Search,campaign_type,2026-02-02,30,69871.09,51944.25,29083.01,61794.79,0.0,,,,
Organic_Search,campaign_type,2026-02-03,30,66467.09,52742.08,31469.84,64808.86,0.0,,,,
Organic_Search,campaign_type,2026-02-04,30,64196.52,52869.64,31379.77,64301.62,0.0,,,,
Organic_Search,campaign_type,2026-02-05,30,62470.22,46918.34,31749.69,64210.23,0.0,,,,
Organic_Search,campaign_type,2026-02-06,30,61498.6,52508.53,31709.37,64424.25,0.0,,,,
Organic_Search,campaign_type,2026-02-07,30,58681.14,50959.13,31786.09,65395.24,0.0,,,,
Organic_Search,campaign_type,2026-02-08,30,57664.24,50760.38,36065.4,65465.77,0.0,,,,
Organic_Search,campaign_type,2026-02-09,30,56142.95,50789.36,35158.66,64751.44,0.0,,,,
Organic_Search,campaign_type,2026-02-10,30,51184.69,51047.11,36400.92,65754.63,0.0,,,,
Organic_Search,campaign_type,2026-02-11,30,50017.18,50010.22,36560.0,65199.63,0.0,,,,
Organic_Search,campaign_type,2026-02-12,30,48508.79,43982.63,36368.01,65754.83,0.0,,,,
Organic_Search,campaign_type,2026-02-13,30,45397.31,49454.88,33980.31,62081.36,0.0,,,,
Organic_Search,campaign_type,2026-02-14,30,42263.36,48789.11,33407.18,62245.39,0.0,,,,
Organic_Search,campaign_type,2026-02-15,30,37930.05,48629.65,34051.4,62336.91,0.0,,,,
Organic_Search,campaign_type,2026-02-16,30,33677.41,49315.32,33389.39,62502.76,0.0,,,,
Organic_Search,campaign_type,2026-02-17,30,32793.31,49437.88,34305.1,62456.6,0.0,,,,
Organic_Search,campaign_type,2026-02-18,30,31518.6,49592.51,35068.48,62440.9,0.0,,,,
Organic_Search,campaign_type,2026-02-19,30,31192.42,44502.75,35091.11,62408.25,0.0,,,,
Organic_Search,campaign_type,2026-02-20,30,30359.65,49390.72,35792.75,62412.88,0.0,,,,
Organic_Search,campaign_type,2026-02-21,30,28890.98,51048.88,35848.26,63228.67,0.0,,,,
Organic_Search,campaign_type,2026-02-22,30,27241.21,51146.02,36007.53,63248.56,0.0,,,,
Organic_Search,campaign_type,2026-02-23,30,26105.15,50869.29,32649.97,63483.45,0.0,,,,
Organic_Search,campaign_type,2026-02-24,30,25731.77,50943.98,34453.12,63701.33,0.0,,,,
Organic_Search,campaign_type,2026-02-25,30,25309.3,52599.24,33786.24,63811.51,0.0,,,,
Organic_Search,campaign_type,2026-02-26,30,24925.76,47527.22,34163.8,63742.93,0.0,,,,
Organic_Search,campaign_type,2026-02-27,30,23801.4,50138.04,32980.29,63569.01,0.0,,,,
Organic_Search,campaign_type,2026-02-28,30,22827.01,50091.08,33049.73,63876.96,0.0,,,,
Organic_Search,campaign_type,2026-02-01,60,100370.73,72795.22,67484.18,76411.57,0.0,,,,
Organic_Search,campaign_type,2026-02-02,60,104910.99,75738.31,66309.47,72514.19,0.0,,,,
Organic_Search,campaign_type,2026-02-03,60,108609.83,71451.56,64381.77,72438.59,0.0,,,,
Organic_Search,campaign_type,2026-02-04,60,111348.78,65004.46,64599.61,73271.86,0.0,,,,
Organic_Search,campaign_type,2026-02-05,60,113226.49,65059.74,64695.25,73162.48,0.0,,,,
Organic_Search,campaign_type,2026-02-06,60,114906.1,64859.95,64698.4,72893.46,0.0,,,,
Organic_Search,campaign_type,2026-02-07,60,118228.58,64490.6,64142.79,72280.24,0.0,,,,
Organic_Search,campaign_type,2026-02-08,60,118610.26,64740.54,64168.76,71689.96,0.0,,,,
Organic_Search,campaign_type,2026-02-09,60,119210.25,64558.64,62746.44,71545.7,0.0,,,,
Organic_Search,campaign_type,2026-02-10,60,124649.31,70317.62,62649.87,70262.56,0.0,,,,
Organic_Search,campaign_type,2026-02-11,60,126632.51,61638.52,64905.94,70150.6,0.0,,,,
Organic_Search,campaign_type,2026-02-12,60,128773.02,59456.7,64912.4,69638.42,0.0,,,,
Organic_Search,campaign_type,2026-02-13,60,132119.5,59883.89,64640.35,69688.22,0.0,,,,
Organic_Search,campaign_type,2026-02-14,60,135837.32,58806.71,65554.87,72398.21,0.0,,,,
Organic_Search,campaign_type,2026-02-15,60,140539.29,57255.68,65364.62,71652.13,0.0,,,,
Organic_Search,campaign_type,2026-02-16,60,146002.63,56466.28,64750.24,71881.11,0.0,,,,
Organic_Search,campaign_type,2026-02-17,60,147832.96,55953.76,65015.88,71350.14,0.0,,,,
Organic_Search,campaign_type,2026-02-18,60,149010.46,57089.67,66803.98,71301.82,0.0,,,,
Organic_Search,campaign_type,2026-02-19,60,149291.65,56992.44,65752.36,71800.21,0.0,,,,
Organic_Search,campaign_type,2026-02-20,60,149733.39,57276.0,66036.79,72883.2,0.0,,,,
Organic_Search,campaign_type,2026-02-21,60,150656.91,57538.14,65096.12,73513.39,0.0,,,,
Organic_Search,campaign_type,2026-02-22,60,151508.81,57250.17,63721.3,73762.2,0.0,,,,
Organic_Search,campaign_type,2026-02-23,60,151466.83,56978.55,65910.54,74704.97,0.0,,,,
Organic_Search,campaign_type,2026-02-24,60,151332.55,56938.63,65978.03,75418.7,0.0,,,,
Organic_Search,campaign_type,2026-02-25,60,151150.79,57589.13,66085.8,76020.4,0.0,,,,
Organic_Search,campaign_type,2026-02-26,60,151293.83,57175.33,65981.39,75653.4,0.0,,,,
Organic_Search,campaign_type,2026-02-27,60,151197.69,58204.64,67653.48,75438.46,0.0,,,,
Organic_Search,campaign_type,2026-02-28,60,151252.11,60310.19,67509.18,74875.4,0.0,,,,
Organic_Search,campaign_type,2026-02-01,90,57604.37,55018.48,65279.03,82550.03,0.0,,,,
Organic_Search,campaign_type,2026-02-02,90,60331.39,55358.87,56658.34,80085.11,0.0,,,,
Organic_Search,campaign_type,2026-02-03,90,61467.09,55246.06,50267.64,66614.58,0.0,,,,
Organic_Search,campaign_type,2026-02-04,90,62208.76,55142.87,50078.31,71999.5,0.0,,,,
Organic_Search,campaign_type,2026-02-05,90,62525.41,55229.35,50214.01,74682.76,0.0,,,,
Organic_Search,campaign_type,2026-02-06,90,63500.12,55251.56,50080.47,74587.07,0.0,,,,
Organic_Search,campaign_type,2026-02-07,90,64648.45,54834.43,50249.64,72883.65,0.0,,,,
Organic_Search,campaign_type,2026-02-08,90,65214.33,54916.84,50042.04,72967.56,0.0,,,,
Organic_Search,campaign_type,2026-02-09,90,65757.9,55177.2,50322.74,69975.92,0.0,,,,
Organic_Search,campaign_type,2026-02-10,90,65796.36,55110.11,50354.5,72023.93,0.0,,,,
Organic_Search,campaign_type,2026-02-11,90,67396.92,57215.07,48970.48,73923.02,0.0,,,,
Organic_Search,campaign_type,2026-02-12,90,68655.14,55635.07,48429.09,86533.51,0.0,,,,
Organic_Search,campaign_type,2026-02-13,90,73045.97,56044.31,55646.43,91310.13,0.0,,,,
Organic_Search,campaign_type,2026-02-14,90,74391.41,56130.42,62584.03,93074.69,0.0,,,,
Organic_Search,campaign_type,2026-02-15,90,77330.01,55850.95,63501.24,77172.77,0.0,,,,
Organic_Search,campaign_type,2026-02-16,90,78705.08,55780.86,63270.68,77957.89,0.0,,,,
Organic_Search,campaign_type,2026-02-17,90,80097.31,54054.1,63234.78,77985.61,0.0,,,,
Organic_Search,campaign_type,2026-02-18,90,80241.14,55372.44,63432.36,78186.22,0.0,,,,
Organic_Search,campaign_type,2026-02-19,90,81985.79,55406.01,63880.44,78850.28,0.0,,,,
Organic_Search,campaign_type,2026-02-20,90,82724.66,54521.84,64452.79,81383.15,0.0,,,,
Organic_Search,campaign_type,2026-02-21,90,84811.63,53539.13,64553.76,80012.43,0.0,,,,
Organic_Search,campaign_type,2026-02-22,90,87273.02,54283.22,64385.8,80281.63,0.0,,,,
Organic_Search,campaign_type,2026-02-23,90,90332.39,53252.42,64281.14,79992.04,0.0,,,,
Organic_Search,campaign_type,2026-02-24,90,97098.86,52602.05,64085.98,81162.05,0.0,,,,
Organic_Search,campaign_type,2026-02-25,90,100642.03,53996.91,64320.8,75874.06,0.0,,,,
Organic_Search,campaign_type,2026-02-26,90,105602.21,54049.33,64446.15,72087.88,0.0,,,,
Organic_Search,campaign_type,2026-02-27,90,109676.61,55299.33,64686.89,72166.47,0.0,,,,
Organic_Search,campaign_type,2026-02-28,90,113400.71,54992.3,63949.62,84214.35,0.0,,,,
Email,campaign_type,2026-02-01,30,78050.8,38661.44,73684.99,82312.92,0.0,,,,
Email,campaign_type,2026-02-02,30,76746.27,52108.25,74038.61,82312.26,0.0,,,,
Email,campaign_type,2026-02-03,30,73574.12,52169.35,74184.85,82104.44,0.0,,,,
Email,campaign_type,2026-02-04,30,70754.54,52121.71,74096.93,82092.61,0.0,,,,
Email,campaign_type,2026-02-05,30,67632.97,52142.94,74310.3,81953.86,0.0,,,,
Email,campaign_type,2026-02-06,30,63760.41,52642.14,74780.19,81669.0,0.0,,,,
Email,campaign_type,2026-02-07,30,61817.38,51719.51,74386.0,82128.63,0.0,,,,
Email,campaign_type,2026-02-08,30,59004.91,52098.84,74526.36,82055.68,0.0,,,,
Email,campaign_type,2026-02-09,30,56669.07,51983.02,73642.47,81812.09,0.0,,,,
Email,campaign_type,2026-02-10,30,53736.67,54391.62,73706.1,81757.87,0.0,,,,
Email,campaign_type,2026-02-11,30,49747.43,44866.31,73364.95,81900.22,0.0,,,,
Email,campaign_type,2026-02-12,30,47680.92,45062.21,73257.32,81501.44,0.0,,,,
Email,campaign_type,2026-02-13,30,44281.8,45303.53,73242.77,81756.33,0.0,,,,
Email,campaign_type,2026-02-14,30,41446.69,44814.84,73172.87,82087.08,0.0,,,,
Email,campaign_type,2026-02-15,30,36833.6,45940.25,73726.68,82086.82,0.0,,,,
Email,campaign_type,2026-02-16,30,32335.44,46029.26,73580.12,82656.0,0.0,,,,
Email,campaign_type,2026-02-17,30,29373.96,46496.66,73722.02,82951.9,0.0,,,,
Email,campaign_type,2026-02-18,30,27613.29,45138.28,74502.68,83060.3,0.0,,,,
Email,campaign_type,2026-02-19,30,26400.62,45082.45,74277.25,83141.51,0.0,,,,
Email,campaign_type,2026-02-20,30,25860.47,45049.51,74542.29,83155.96,0.0,,,,
Email,campaign_type,2026-02-21,30,23344.97,45266.25,74402.16,83798.59,0.0,,,,
Email,campaign_type,2026-02-22,30,21903.06,46307.71,75628.73,83283.83,0.0,,,,
Email,campaign_type,2026-02-23,30,20550.95,46459.61,76839.0,83423.87,0.0,,,,
Email,campaign_type,2026-02-24,30,19937.97,46927.64,76603.14,83597.38,0.0,,,,
Email,campaign_type,2026-02-25,30,19056.66,46851.9,75365.15,83677.15,0.0,,,,
Email,campaign_type,2026-02-26,30,18783.25,46454.95,77041.85,83878.07,0.0,,,,
Email,campaign_type,2026-02-27,30,18470.08,48132.62,79741.22,83932.6,0.0,,,,
Email,campaign_type,2026-02-28,30,18129.09,48153.21,78106.63,83807.47,0.0,,,,
Email,campaign_type,2026-02-01,60,106738.4,61854.81,61957.79,84718.42,0.0,,,,
Email,campaign_type,2026-02-02,60,108740.29,65612.06,61961.7,84286.57,0.0,,,,
Email,campaign_type,2026-02-03,60,112284.26,65785.11,61598.82,83237.1,0.0,,,,
Email,campaign_type,2026-02-04,60,115528.37,64592.81,63423.19,82651.71,0.0,,,,
Email,campaign_type,2026-02-05,60,118399.51,64462.67,63412.19,82591.25,0.0,,,,
Email,campaign_type,2026-02-06,60,122197.83,62855.25,63263.46,85601.81,0.0,,,,
Email,campaign_type,2026-02-07,60,124679.93,53890.13,62251.32,90020.58,0.0,,,,
Email,campaign_type,2026-02-08,60,126871.87,54496.37,62041.01,90247.38,0.0,,,,
Email,campaign_type,2026-02-09,60,128345.09,55184.19,62206.38,90131.08,0.0,,,,
Email,campaign_type,2026-02-10,60,131203.62,54119.6,60084.57,91707.52,0.0,,,,
Email,campaign_type,2026-02-11,60,134722.75,51297.91,62590.71,87153.48,0.0,,,,
Email,campaign_type,2026-02-12,60,136518.46,51512.87,60867.36,83116.37,0.0,,,,
Email,campaign_type,2026-02-13,60,140633.77,50668.89,61318.37,82082.25,0.0,,,,
Email,campaign_type,2026-02-14,60,143686.27,50628.54,61219.96,82029.23,0.0,,,,
Email,campaign_type,2026-02-15,60,148037.71,50156.93,60608.71,82352.18,0.0,,,,
Email,campaign_type,2026-02-16,60,152662.04,50122.26,59530.47,82904.66,0.0,,,,
Email,campaign_type,2026-02-17,60,155607.65,50214.04,59934.33,83275.44,0.0,,,,
Email,campaign_type,2026-02-18,60,156372.4,50083.7,60668.94,82884.23,0.0,,,,
Email,campaign_type,2026-02-19,60,156929.9,50416.9,60540.36,82793.89,0.0,,,,
Email,campaign_type,2026-02-20,60,157336.02,50536.44,60744.1,83158.55,0.0,,,,
Email,campaign_type,2026-02-21,60,159470.87,50500.55,60818.79,83488.92,0.0,,,,
Email,campaign_type,2026-02-22,60,160680.73,50076.27,60882.66,83723.61,0.0,,,,
Email,campaign_type,2026-02-23,60,161529.03,50699.83,60663.14,83908.0,0.0,,,,
Email,campaign_type,2026-02-24,60,161354.77,50613.52,60423.01,84633.34,0.0,,,,
Email,campaign_type,2026-02-25,60,161744.49,50567.69,60525.17,84181.34,0.0,,,,
Email,campaign_type,2026-02-26,60,161420.51,50846.43,60335.43,83844.16,0.0,,,,
Email,campaign_type,2026-02-27,60,160410.11,50861.96,60418.96,83454.35,0.0,,,,
Email,campaign_type,2026-02-28,60,160433.95,50320.73,58837.0,83231.34,0.0,,,,
Email,campaign_type,2026-02-01,90,58614.31,54871.53,57707.98,65105.85,0.0,,,,
Email,campaign_type,2026-02-02,90,59429.03,55141.22,57327.61,64877.9,0.0,,,,
Email,campaign_type,2026-02-03,90,60443.57,55016.34,57427.11,65060.78,0.0,,,,
Email,campaign_type,2026-02-04,90,60818.18,55047.58,57726.42,83017.63,0.0,,,,
Email,campaign_type,2026-02-05,90,61416.8,54953.46,57904.08,83120.28,0.0,,,,
Email,campaign_type,2026-02-06,90,62357.69,53406.34,58919.25,80065.66,0.0,,,,
Email,campaign_type,2026-02-07,90,64416.05,54073.77,59749.41,78569.42,0.0,,,,
Email,campaign_type,2026-02-08,90,64501.63,53866.69,59366.23,77816.48,0.0,,,,
Email,campaign_type,2026-02-09,90,65275.9,53784.57,59511.34,78465.93,0.0,,,,
Email,campaign_type,2026-02-10,90,65582.78,53219.59,60161.61,78842.55,0.0,,,,
Email,campaign_type,2026-02-11,90,67324.84,53527.24,60843.35,84119.26,0.0,,,,
Email,campaign_type,2026-02-12,90,69614.79,53943.67,60827.31,84269.52,0.0,,,,
Email,campaign_type,2026-02-13,90,72500.93,53766.98,61673.21,84267.57,0.0,,,,
Email,campaign_type,2026-02-14,90,73724.36,53602.61,61697.52,67054.04,0.0,,,,
Email,campaign_type,2026-02-15,90,77228.42,52729.37,62287.34,66673.31,0.0,,,,
Email,campaign_type,2026-02-16,90,76829.39,52454.57,59205.6,62649.42,0.0,,,,
Email,campaign_type,2026-02-17,90,78027.16,52314.04,59277.57,66824.53,0.0,,,,
Email,campaign_type,2026-02-18,90,79280.09,52254.62,60206.6,62966.8,0.0,,,,
Email,campaign_type,2026-02-19,90,81357.89,53917.55,59229.77,57412.53,0.0,,,,
Email,campaign_type,2026-02-20,90,83198.03,53847.25,60427.12,55869.65,0.0,,,,
Email,campaign_type,2026-02-21,90,84092.6,53404.66,58741.03,55436.33,0.0,,,,
Email,campaign_type,2026-02-22,90,86214.37,53468.76,54115.48,55401.89,0.0,,,,
Email,campaign_type,2026-02-23,90,89235.82,52175.82,54424.61,55319.15,0.0,,,,
Email,campaign_type,2026-02-24,90,93031.95,51867.45,54473.88,55373.69,0.0,,,,
Email,campaign_type,2026-02-25,90,96352.74,51639.84,54419.31,55448.95,0.0,,,,
Email,campaign_type,2026-02-26,90,106567.73,51679.4,54267.78,58458.37,0.0,,,,
Email,campaign_type,2026-02-27,90,111757.4,51697.47,54320.44,57836.3,0.0,,,,
Email,campaign_type,2026-02-28,90,114084.75,51897.08,54273.74,58301.75,0.0,,,,
Shopping,campaign_type,2026-02-01,30,93846.09,0.0,0.0,124127.94,58777.1,1.6,0.0,0.0,2.11
Shopping,campaign_type,2026-02-02,30,90605.27,0.0,0.0,124144.43,56800.29,1.6,0.0,0.0,2.19
Shopping,campaign_type,2026-02-03,30,86925.5,0.0,3560.26,123004.17,54533.97,1.59,0.0,0.07,2.26
Shopping,campaign_type,2026-02-04,30,83884.15,0.0,3560.26,123004.17,52718.56,1.59,0.0,0.07,2.33
Shopping,campaign_type,2026-02-05,30,81149.09,0.0,3560.26,122976.32,50999.57,1.59,0.0,0.07,2.41
Shopping,campaign_type,2026-02-06,30,75953.14,0.0,3560.26,109281.03,47918.03,1.59,0.0,0.07,2.28
Shopping,campaign_type,2026-02-07,30,73154.56,0.0,3560.26,109588.16,44693.87,1.64,0.0,0.08,2.45
Shopping,campaign_type,2026-02-08,30,68417.09,0.0,3560.26,109630.66,40653.21,1.68,0.0,0.09,2.7
Shopping,campaign_type,2026-02-09,30,59598.14,0.0,3560.26,109279.6,36317.02,1.64,0.0,0.1,3.01
Shopping,campaign_type,2026-02-10,30,53254.02,0.0,30985.97,109212.45,33390.67,1.59,0.0,0.93,3.27
Shopping,campaign_type,2026-02-11,30,47576.12,0.0,46126.26,109183.0,30474.37,1.56,0.0,1.51,3.58
Shopping,campaign_type,2026-02-12,30,39359.06,0.0,30621.67,109763.41,24655.52,1.6,0.0,1.24,4.45
Shopping,campaign_type,2026-02-13,30,35795.69,0.0,30961.88,109614.24,19499.95,1.84,0.0,1.59,5.62
Shopping,campaign_type,2026-02-14,30,31848.12,0.0,3560.26,94389.04,15668.75,2.03,0.0,0.23,6.02
Shopping,campaign_type,2026-02-15,30,29408.44,0.0,3560.26,88540.65,12257.56,2.4,0.0,0.29,7.22
Shopping,campaign_type,2026-02-16,30,26226.14,0.0,3560.26,79792.02,8745.9,3.0,0.0,0.41,9.12
Shopping,campaign_type,2026-02-17,30,18817.58,0.0,3560.26,79630.61,4972.96,3.78,0.0,0.72,16.01
Shopping,campaign_type,2026-02-18,30,17923.04,0.0,3560.26,79632.57,4557.18,3.93,0.0,0.78,17.47
Shopping,campaign_type,2026-02-19,30,16905.0,0.0,3560.26,79636.65,4343.48,3.89,0.0,0.82,18.33
Shopping,campaign_type,2026-02-20,30,16095.41,0.0,3560.26,79584.35,4183.33,3.85,0.0,0.85,19.02
Shopping,campaign_type,2026-02-21,30,15189.3,0.0,3560.26,79503.74,4001.84,3.8,0.0,0.89,19.87
Shopping,campaign_type,2026-02-22,30,14324.15,0.0,3560.26,79445.03,3899.23,3.67,0.0,0.91,20.37
Shopping,campaign_type,2026-02-23,30,13514.33,0.0,3560.26,79512.29,3797.53,3.56,0.0,0.94,20.94
Shopping,campaign_type,2026-02-24,30,13163.28,0.0,3560.26,79459.57,3694.44,3.56,0.0,0.96,21.51
Shopping,campaign_type,2026-02-25,30,12750.82,0.0,3560.26,79075.97,3669.76,3.47,0.0,0.97,21.55
Shopping,campaign_type,2026-02-26,30,12716.19,0.0,3560.26,78976.57,3651.75,3.48,0.0,0.97,21.63
Shopping,campaign_type,2026-02-27,30,12308.88,0.0,3560.26,78956.05,3634.14,3.39,0.0,0.98,21.73
Shopping,campaign_type,2026-02-28,30,12204.15,0.0,3560.26,78956.05,3613.73,3.38,0.0,0.99,21.85
Shopping,campaign_type,2026-02-01,60,143025.59,0.0,0.0,139797.73,138082.6,1.04,0.0,0.0,1.01
Shopping,campaign_type,2026-02-02,60,145520.34,0.0,0.0,139797.73,139368.85,1.04,0.0,0.0,1.0
Shopping,campaign_type,2026-02-03,60,147752.7,0.0,1047.16,137649.05,140973.08,1.05,0.0,0.01,0.98
Shopping,campaign_type,2026-02-04,60,149094.36,0.0,1047.16,138396.86,142003.78,1.05,0.0,0.01,0.97
Shopping,campaign_type,2026-02-05,60,149822.53,0.0,1047.16,137740.32,142915.25,1.05,0.0,0.01,0.96
Shopping,campaign_type,2026-02-06,60,153724.51,0.0,1047.16,137710.27,145246.04,1.06,0.0,0.01,0.95
Shopping,campaign_type,2026-02-07,60,156320.23,0.0,1047.16,137673.17,147655.3,1.06,0.0,0.01,0.93
Shopping,campaign_type,2026-02-08,60,160412.73,0.0,1047.16,133734.11,150934.37,1.06,0.0,0.01,0.89
Shopping,campaign_type,2026-02-09,60,167588.74,0.0,1047.16,133533.9,154522.84,1.08,0.0,0.01,0.86
Shopping,campaign_type,2026-02-10,60,173118.72,0.0,64467.38,127076.49,156948.88,1.1,0.0,0.41,0.81
Shopping,campaign_type,2026-02-11,60,177484.09,0.0,68415.63,127095.31,159075.67,1.12,0.0,0.43,0.8
Shopping,campaign_type,2026-02-12,60,185286.43,0.0,64467.38,132731.37,164351.46,1.13,0.0,0.39,0.81
Shopping,campaign_type,2026-02-13,60,188704.2,0.0,64467.38,132437.88,169194.93,1.12,0.0,0.38,0.78
Shopping,campaign_type,2026-02-14,60,192415.2,0.0,1047.16,132694.61,172805.82,1.11,0.0,0.01,0.77
Shopping,campaign_type,2026-02-15,60,195244.92,0.0,1047.16,132743.72,176163.47,1.11,0.0,0.01,0.75
Shopping,campaign_type,2026-02-16,60,198192.62,0.0,1047.16,132694.61,179771.47,1.1,0.0,0.01,0.74
Shopping,campaign_type,2026-02-17,60,204924.91,0.0,1047.16,132743.72,183363.29,1.12,0.0,0.01,0.72
Shopping,campaign_type,2026-02-18,60,204770.78,0.0,1047.16,132694.61,183332.48,1.12,0.0,0.01,0.72
Shopping,campaign_type,2026-02-19,60,205097.65,0.0,1047.16,132743.72,183139.71,1.12,0.0,0.01,0.72
Shopping,campaign_type,2026-02-20,60,204308.84,0.0,1047.16,132694.61,182822.4,1.12,0.0,0.01,0.73
Shopping,campaign_type,2026-02-21,60,203451.11,0.0,1047.16,132978.45,182276.53,1.12,0.0,0.01,0.73
Shopping,campaign_type,2026-02-22,60,203259.27,0.0,1047.16,132929.33,181848.05,1.12,0.0,0.01,0.73
Shopping,campaign_type,2026-02-23,60,203258.84,0.0,1047.16,133684.47,181475.06,1.12,0.0,0.01,0.74
Shopping,campaign_type,2026-02-24,60,201947.84,0.0,1047.16,138564.78,181014.82,1.12,0.0,0.01,0.77
Shopping,campaign_type,2026-02-25,60,201361.31,0.0,1047.16,138883.73,180508.83,1.12,0.0,0.01,0.77
Shopping,campaign_type,2026-02-26,60,199959.69,0.0,1047.16,136551.7,180126.62,1.11,0.0,0.01,0.76
Shopping,campaign_type,2026-02-27,60,199102.29,0.0,1047.16,137159.13,179637.06,1.11,0.0,0.01,0.76
Shopping,campaign_type,2026-02-28,60,197426.61,0.0,1047.16,138574.63,179149.96,1.1,0.0,0.01,0.77
Shopping,campaign_type,2026-02-01,90,79670.15,0.0,0.0,73495.08,34242.24,2.33,0.0,0.0,2.15
Shopping,campaign_type,2026-02-02,90,82018.82,0.0,0.0,73495.08,34581.58,2.37,0.0,0.0,2.13
Shopping,campaign_type,2026-02-03,90,83851.87,0.0,0.0,72189.84,34818.89,2.41,0.0,0.0,2.07
Shopping,campaign_type,2026-02-04,90,85051.15,0.0,0.0,72189.84,35021.9,2.43,0.0,0.0,2.06
Shopping,campaign_type,2026-02-05,90,86267.3,0.0,0.0,72189.84,35194.49,2.45,0.0,0.0,2.05
Shopping,campaign_type,2026-02-06,90,87412.88,0.0,0.0,72189.84,35310.43,2.48,0.0,0.0,2.04
Shopping,campaign_type,2026-02-07,90,88429.44,0.0,0.0,72189.84,35385.72,2.5,0.0,0.0,2.04
Shopping,campaign_type,2026-02-08,90,88998.09,0.0,0.0,71571.74,35423.65,2.51,0.0,0.0,2.02
Shopping,campaign_type,2026-02-09,90,90384.39,0.0,0.0,71571.74,35556.11,2.54,0.0,0.0,2.01
Shopping,campaign_type,2026-02-10,90,90983.86,0.0,0.0,71440.65,35619.94,2.55,0.0,0.0,2.01
Shopping,campaign_type,2026-02-11,90,91495.61,0.0,0.0,71440.65,35682.25,2.56,0.0,0.0,2.0
Shopping,campaign_type,2026-02-12,90,91973.18,0.0,0.0,71440.65,35738.35,2.57,0.0,0.0,2.0
Shopping,campaign_type,2026-02-13,90,92410.02,0.0,0.0,71440.65,35834.78,2.58,0.0,0.0,1.99
Shopping,campaign_type,2026-02-14,90,93014.24,0.0,0.0,71440.65,35947.54,2.59,0.0,0.0,1.99
Shopping,campaign_type,2026-02-15,90,93523.01,0.0,0.0,71440.65,35969.26,2.6,0.0,0.0,1.99
Shopping,campaign_type,2026-02-16,90,93677.38,0.0,0.0,71440.65,35977.95,2.6,0.0,0.0,1.99
Shopping,campaign_type,2026-02-17,90,93677.38,0.0,0.0,71402.71,35977.95,2.6,0.0,0.0,1.98
Shopping,campaign_type,2026-02-18,90,93677.38,0.0,0.0,71085.87,35977.95,2.6,0.0,0.0,1.98
Shopping,campaign_type,2026-02-19,90,93677.38,0.0,0.0,71123.82,35977.95,2.6,0.0,0.0,1.98
Shopping,campaign_type,2026-02-20,90,93677.38,0.0,0.0,71123.82,35977.95,2.6,0.0,0.0,1.98
Shopping,campaign_type,2026-02-21,90,94479.34,0.0,0.0,71254.91,36010.51,2.62,0.0,0.0,1.98
Shopping,campaign_type,2026-02-22,90,95809.48,0.0,0.0,71254.91,36134.28,2.65,0.0,0.0,1.97
Shopping,campaign_type,2026-02-23,90,98848.94,0.0,0.0,71254.91,38277.76,2.58,0.0,0.0,1.86
Shopping,campaign_type,2026-02-24,90,113605.13,0.0,0.0,73178.24,53796.94,2.11,0.0,0.0,1.36
Shopping,campaign_type,2026-02-25,90,129754.33,0.0,0.0,73178.24,68713.58,1.89,0.0,0.0,1.06
Shopping,campaign_type,2026-02-26,90,145075.76,0.0,0.0,71873.0,93658.65,1.55,0.0,0.0,0.77
Shopping,campaign_type,2026-02-27,90,166373.39,0.0,0.0,71873.0,139912.16,1.19,0.0,0.0,0.51
Shopping,campaign_type,2026-02-28,90,168478.5,0.0,0.0,71873.0,146248.95,1.15,0.0,0.0,0.49
Organic_Search_Bing,campaign_type,2026-02-01,30,18335.19,9593.13,8825.52,19032.28,0.0,,,,
Organic_Search_Bing,campaign_type,2026-02-02,30,17004.09,9251.76,8605.98,19264.44,0.0,,,,
Organic_Search_Bing,campaign_type,2026-02-03,30,15859.82,9189.71,8665.96,18822.36,0.0,,,,
Organic_Search_Bing,campaign_type,2026-02-04,30,15260.48,9104.74,8412.47,18465.78,0.0,,,,
Organic_Search_Bing,campaign_type,2026-02-05,30,14991.32,9939.28,8810.77,19086.03,0.0,,,,
Organic_Search_Bing,campaign_type,2026-02-06,30,14126.01,9618.04,8829.75,19102.02,0.0,,,,
Organic_Search_Bing,campaign_type,2026-02-07,30,13924.98,9608.64,8656.2,19194.82,0.0,,,,
Organic_Search_Bing,campaign_type,2026-02-08,30,13369.54,9677.72,8706.94,19165.77,0.0,,,,
Organic_Search_Bing,campaign_type,2026-02-09,30,12180.63,9954.75,9074.68,19348.08,0.0,,,,
Organic_Search_Bing,campaign_type,2026-02-10,30,11935.58,9631.62,9186.63,19180.04,0.0,,,,
Organic_Search_Bing,campaign_type,2026-02-11,30,11792.77,11011.69,9370.83,19210.94,0.0,,,,
Organic_Search_Bing,campaign_type,2026-02-12,30,10826.55,10741.78,9350.09,19175.32,0.0,,,,
Organic_Search_Bing,campaign_type,2026-02-13,30,10014.8,11003.56,9484.84,19124.72,0.0,,,,
Organic_Search_Bing,campaign_type,2026-02-14,30,8342.53,11409.12,9791.44,18973.83,0.0,,,,
Organic_Search_Bing,campaign_type,2026-02-15,30,8020.86,11231.82,10129.17,18977.19,0.0,,,,
Organic_Search_Bing,campaign_type,2026-02-16,30,7765.34,11145.93,10199.81,19321.11,0.0,,,,
Organic_Search_Bing,campaign_type,2026-02-17,30,7088.0,11358.84,10259.97,19322.22,0.0,,,,
Organic_Search_Bing,campaign_type,2026-02-18,30,6522.46,11262.1,10479.05,19099.9,0.0,,,,
Organic_Search_Bing,campaign_type,2026-02-19,30,6385.18,11398.58,10069.36,19389.84,0.0,,,,
Organic_Search_Bing,campaign_type,2026-02-20,30,6340.53,11545.45,10127.49,19420.09,0.0,,,,
Organic_Search_Bing,campaign_type,2026-02-21,30,6358.19,11575.79,10067.56,19379.01,0.0,,,,
Organic_Search_Bing,campaign_type,2026-02-22,30,5771.07,11451.53,10100.33,19446.19,0.0,,,,
Organic_Search_Bing,campaign_type,2026-02-23,30,5157.23,11380.33,10031.16,19474.96,0.0,,,,
Organic_Search_Bing,campaign_type,2026-02-24,30,5044.48,11640.14,9527.34,19481.31,0.0,,,,
Organic_Search_Bing,campaign_type,2026-02-25,30,5149.89,11503.08,9625.82,19380.55,0.0,,,,
Organic_Search_Bing,campaign_type,2026-02-26,30,5068.75,11443.41,10121.59,19321.58,0.0,,,,
Organic_Search_Bing,campaign_type,2026-02-27,30,4884.71,11572.19,10105.08,19337.96,0.0,,,,
Organic_Search_Bing,campaign_type,2026-02-28,30,4797.93,11557.4,10002.6,19235.27,0.0,,,,
Organic_Search_Bing,campaign_type,2026-02-01,60,21937.51,14437.76,19273.92,17181.84,0.0,,,,
Organic_Search_Bing,campaign_type,2026-02-02,60,23356.32,15032.89,18714.3,17124.12,0.0,,,,
Organic_Search_Bing,campaign_type,2026-02-03,60,24649.63,14937.45,18735.2,16904.48,0.0,,,,
Organic_Search_Bing,campaign_type,2026-02-04,60,25257.69,14227.32,18713.23,16478.15,0.0,,,,
Organic_Search_Bing,campaign_type,2026-02-05,60,25802.22,14903.96,18650.74,16234.12,0.0,,,,
Organic_Search_Bing,campaign_type,2026-02-06,60,26690.32,15022.29,18578.97,16331.01,0.0,,,,
Organic_Search_Bing,campaign_type,2026-02-07,60,27092.59,14050.95,18459.9,16300.5,0.0,,,,
Organic_Search_Bing,campaign_type,2026-02-08,60,27490.91,13236.19,18441.9,16210.33,0.0,,,,
Organic_Search_Bing,campaign_type,2026-02-09,60,28507.93,14173.13,18351.71,16182.89,0.0,,,,
Organic_Search_Bing,campaign_type,2026-02-10,60,28588.57,14892.06,18283.17,16008.29,0.0,,,,
Organic_Search_Bing,campaign_type,2026-02-11,60,28668.5,15174.24,18565.73,16050.61,0.0,,,,
Organic_Search_Bing,campaign_type,2026-02-12,60,29806.27,15800.64,18547.1,16179.68,0.0,,,,
Organic_Search_Bing,campaign_type,2026-02-13,60,30906.12,15942.77,18617.1,16076.18,0.0,,,,
Organic_Search_Bing,campaign_type,2026-02-14,60,32529.18,16347.67,18623.12,16147.5,0.0,,,,
Organic_Search_Bing,campaign_type,2026-02-15,60,32978.34,16229.51,18794.03,16190.9,0.0,,,,
Organic_Search_Bing,campaign_type,2026-02-16,60,33490.58,16670.02,18591.1,16334.81,0.0,,,,
Organic_Search_Bing,campaign_type,2026-02-17,60,34077.95,16697.44,18600.21,16273.92,0.0,,,,
Organic_Search_Bing,campaign_type,2026-02-18,60,34334.09,16219.7,18809.3,16666.48,0.0,,,,
Organic_Search_Bing,campaign_type,2026-02-19,60,34421.19,16393.68,18516.06,16186.83,0.0,,,,
Organic_Search_Bing,campaign_type,2026-02-20,60,34317.9,16276.75,16484.07,16116.26,0.0,,,,
Organic_Search_Bing,campaign_type,2026-02-21,60,34198.07,16247.52,16295.48,16129.45,0.0,,,,
Organic_Search_Bing,campaign_type,2026-02-22,60,34480.13,16197.92,16264.79,16156.42,0.0,,,,
Organic_Search_Bing,campaign_type,2026-02-23,60,34982.99,16351.08,16312.43,16309.56,0.0,,,,
Organic_Search_Bing,campaign_type,2026-02-24,60,34866.88,16376.4,16971.9,16481.58,0.0,,,,
Organic_Search_Bing,campaign_type,2026-02-25,60,34469.71,16404.39,16906.53,16392.57,0.0,,,,
Organic_Search_Bing,campaign_type,2026-02-26,60,34376.11,16512.54,16865.13,16387.63,0.0,,,,
Organic_Search_Bing,campaign_type,2026-02-27,60,34293.43,16507.0,16902.79,16383.91,0.0,,,,
Organic_Search_Bing,campaign_type,2026-02-28,60,34386.61,16493.21,16723.4,16920.12,0.0,,,,
Organic_Search_Bing,campaign_type,2026-02-01,90,12512.02,11971.71,11666.15,14741.57,0.0,,,,
Organic_Search_Bing,campaign_type,2026-02-02,90,12683.1,12308.62,11583.6,14903.0,0.0,,,,
Organic_Search_Bing,campaign_type,2026-02-03,90,13403.28,12553.02,11559.47,14990.56,0.0,,,,
Organic_Search_Bing,campaign_type,2026-02-04,90,13628.02,12536.98,11523.56,14971.55,0.0,,,,
Organic_Search_Bing,campaign_type,2026-02-05,90,13690.39,13111.86,11554.66,16391.44,0.0,,,,
Organic_Search_Bing,campaign_type,2026-02-06,90,14009.89,13028.31,11546.72,17158.2,0.0,,,,
Organic_Search_Bing,campaign_type,2026-02-07,90,14293.13,12940.45,11721.47,17163.97,0.0,,,,
Organic_Search_Bing,campaign_type,2026-02-08,90,14577.71,12478.86,11701.85,16953.07,0.0,,,,
Organic_Search_Bing,campaign_type,2026-02-09,90,14591.13,13322.17,11617.62,17562.75,0.0,,,,
Organic_Search_Bing,campaign_type,2026-02-10,90,15072.16,13337.12,11470.55,16834.5,0.0,,,,
Organic_Search_Bing,campaign_type,2026-02-11,90,15370.54,12907.9,11332.13,16103.22,0.0,,,,
Organic_Search_Bing,campaign_type,2026-02-12,90,15167.37,13452.26,11441.84,16064.24,0.0,,,,
Organic_Search_Bing,campaign_type,2026-02-13,90,15808.7,12913.31,11522.75,12790.86,0.0,,,,
Organic_Search_Bing,campaign_type,2026-02-14,90,16069.13,12725.58,11535.02,12871.14,0.0,,,,
Organic_Search_Bing,campaign_type,2026-02-15,90,16692.51,12646.67,11405.35,12896.9,0.0,,,,
Organic_Search_Bing,campaign_type,2026-02-16,90,16652.73,12713.16,11444.36,13054.43,0.0,,,,
Organic_Search_Bing,campaign_type,2026-02-17,90,16376.85,12492.32,11423.88,12989.6,0.0,,,,
Organic_Search_Bing,campaign_type,2026-02-18,90,16239.15,12763.84,11432.72,12918.43,0.0,,,,
Organic_Search_Bing,campaign_type,2026-02-19,90,16384.5,12071.46,11413.83,13019.8,0.0,,,,
Organic_Search_Bing,campaign_type,2026-02-20,90,16577.89,12438.84,11307.31,13793.97,0.0,,,,
Organic_Search_Bing,campaign_type,2026-02-21,90,16872.14,12340.44,11352.52,13774.73,0.0,,,,
Organic_Search_Bing,campaign_type,2026-02-22,90,17173.55,12243.14,11224.52,13735.34,0.0,,,,
Organic_Search_Bing,campaign_type,2026-02-23,90,17512.06,12015.41,10933.12,13552.84,0.0,,,,
Organic_Search_Bing,campaign_type,2026-02-24,90,19434.7,11338.96,11007.0,13603.7,0.0,,,,
Organic_Search_Bing,campaign_type,2026-02-25,90,20318.79,11257.23,11212.97,13607.37,0.0,,,,
Organic_Search_Bing,campaign_type,2026-02-26,90,22189.06,11486.97,11186.68,13924.78,0.0,,,,
Organic_Search_Bing,campaign_type,2026-02-27,90,23049.03,11235.27,11285.25,14207.23,0.0,,,,
Organic_Search_Bing,campaign_type,2026-02-28,90,24159.37,11587.11,11344.05,13295.3,0.0,,,,
Remarketing_DPA,campaign_type,2026-02-01,30,35221.57,0.0,36813.31,40267.01,13123.1,2.68,0.0,2.81,3.07
Remarketing_DPA,campaign_type,2026-02-02,30,33668.39,0.0,36745.02,40362.46,12492.77,2.7,0.0,2.94,3.23
Remarketing_DPA,campaign_type,2026-02-03,30,33060.12,0.0,34949.13,38513.35,11834.55,2.79,0.0,2.95,3.25
Remarketing_DPA,campaign_type,2026-02-04,30,31831.24,0.0,34300.87,35483.56,11220.33,2.84,0.0,3.06,3.16
Remarketing_DPA,campaign_type,2026-02-05,30,30708.98,0.0,34221.48,35482.11,10623.98,2.89,0.0,3.22,3.34
Remarketing_DPA,campaign_type,2026-02-06,30,29763.0,0.0,34212.12,35473.86,10039.57,2.96,0.0,3.41,3.53
Remarketing_DPA,campaign_type,2026-02-07,30,28097.99,0.0,31822.6,33046.64,9465.26,2.97,0.0,3.36,3.49
Remarketing_DPA,campaign_type,2026-02-08,30,26348.45,0.0,31822.6,29752.26,8914.83,2.96,0.0,3.57,3.34
Remarketing_DPA,campaign_type,2026-02-09,30,25084.1,0.0,31141.68,29859.42,8315.28,3.02,0.0,3.75,3.59
Remarketing_DPA,campaign_type,2026-02-10,30,23399.11,0.0,30777.83,29071.57,7688.15,3.04,0.0,4.0,3.78
Remarketing_DPA,campaign_type,2026-02-11,30,21674.79,0.0,30350.86,29078.82,7070.33,3.07,0.0,4.29,4.11
Remarketing_DPA,campaign_type,2026-02-12,30,19912.4,0.0,27979.78,29093.5,6310.71,3.16,0.0,4.43,4.61
Remarketing_DPA,campaign_type,2026-02-13,30,17732.29,0.0,27979.9,24003.47,5527.03,3.21,0.0,5.06,4.34
Remarketing_DPA,campaign_type,2026-02-14,30,15675.46,0.0,27983.63,23988.99,4755.68,3.3,0.0,5.88,5.04
Remarketing_DPA,campaign_type,2026-02-15,30,13144.67,0.0,24099.42,23923.76,3993.33,3.29,0.0,6.03,5.99
Remarketing_DPA,campaign_type,2026-02-16,30,11221.71,0.0,23240.15,24006.22,3218.51,3.49,0.0,7.22,7.46
Remarketing_DPA,campaign_type,2026-02-17,30,8579.59,0.0,19267.21,22854.72,2359.52,3.64,0.0,8.17,9.69
Remarketing_DPA,campaign_type,2026-02-18,30,6287.72,0.0,19129.27,22120.97,1531.68,4.11,0.0,12.49,14.44
Remarketing_DPA,campaign_type,2026-02-19,30,5752.99,0.0,19098.67,21725.74,1379.77,4.17,0.0,13.84,15.75
Remarketing_DPA,campaign_type,2026-02-20,30,5086.24,0.0,19068.3,21545.96,1279.49,3.98,0.0,14.9,16.84
Remarketing_DPA,campaign_type,2026-02-21,30,4662.83,0.0,19121.14,20888.13,1170.99,3.98,0.0,16.33,17.84
Remarketing_DPA,campaign_type,2026-02-22,30,4328.05,0.0,18663.65,20659.79,1089.07,3.97,0.0,17.14,18.97
Remarketing_DPA,campaign_type,2026-02-23,30,3842.95,0.0,18514.26,20619.88,1013.03,3.79,0.0,18.28,20.35
Remarketing_DPA,campaign_type,2026-02-24,30,3642.86,0.0,18508.77,20508.47,928.89,3.92,0.0,19.93,22.08
Remarketing_DPA,campaign_type,2026-02-25,30,3642.86,0.0,18513.3,20495.37,916.72,3.97,0.0,20.2,22.36
Remarketing_DPA,campaign_type,2026-02-26,30,3642.86,0.0,18502.25,20497.67,908.12,4.01,0.0,20.37,22.57
Remarketing_DPA,campaign_type,2026-02-27,30,3521.45,0.0,18462.8,20492.57,898.84,3.92,0.0,20.54,22.8
Remarketing_DPA,campaign_type,2026-02-28,30,3521.45,0.0,17881.6,20518.12,889.74,3.96,0.0,20.1,23.06
Remarketing_DPA,campaign_type,2026-02-01,60,31103.49,0.0,26954.7,26300.95,13256.06,2.35,0.0,2.03,1.98
Remarketing_DPA,campaign_type,2026-02-02,60,32538.25,0.0,26915.24,25879.87,13835.45,2.35,0.0,1.95,1.87
Remarketing_DPA,campaign_type,2026-02-03,60,33368.76,0.0,26803.83,27228.1,14475.95,2.31,0.0,1.85,1.88
Remarketing_DPA,campaign_type,2026-02-04,60,34725.54,0.0,26871.06,26535.16,15085.7,2.3,0.0,1.78,1.76
Remarketing_DPA,campaign_type,2026-02-05,60,35861.25,0.0,26859.38,26555.52,15672.53,2.29,0.0,1.71,1.69
Remarketing_DPA,campaign_type,2026-02-06,60,36938.97,0.0,26853.8,26550.54,16255.23,2.27,0.0,1.65,1.63
Remarketing_DPA,campaign_type,2026-02-07,60,38848.85,0.0,26694.5,26734.02,16821.28,2.31,0.0,1.59,1.59
Remarketing_DPA,campaign_type,2026-02-08,60,40541.0,0.0,26694.1,26729.35,17367.85,2.33,0.0,1.54,1.54
Remarketing_DPA,campaign_type,2026-02-09,60,41714.99,0.0,26699.17,26498.37,17965.56,2.32,0.0,1.49,1.47
Remarketing_DPA,campaign_type,2026-02-10,60,43381.91,0.0,26752.69,26497.7,18589.52,2.33,0.0,1.44,1.43
Remarketing_DPA,campaign_type,2026-02-11,60,45260.3,0.0,26895.52,26501.75,19201.09,2.36,0.0,1.4,1.38
Remarketing_DPA,campaign_type,2026-02-12,60,47152.84,0.0,26895.32,26781.76,19958.64,2.36,0.0,1.35,1.34
Remarketing_DPA,campaign_type,2026-02-13,60,49493.97,0.0,27424.99,26929.24,20738.06,2.39,0.0,1.32,1.3
Remarketing_DPA,campaign_type,2026-02-14,60,51460.66,0.0,27315.47,27152.02,21495.45,2.39,0.0,1.27,1.26
Remarketing_DPA,campaign_type,2026-02-15,60,54215.26,0.0,28108.63,27688.94,22254.26,2.44,0.0,1.26,1.24
Remarketing_DPA,campaign_type,2026-02-16,60,56240.07,0.0,27640.42,27544.12,23023.89,2.44,0.0,1.2,1.2
Remarketing_DPA,campaign_type,2026-02-17,60,59139.52,5362.66,27666.69,27892.28,23877.06,2.48,0.22,1.16,1.17
Remarketing_DPA,campaign_type,2026-02-18,60,61353.95,5362.66,27941.61,27703.48,24670.11,2.49,0.22,1.13,1.12
Remarketing_DPA,campaign_type,2026-02-19,60,61704.33,5362.66,27942.73,27825.29,24778.94,2.49,0.22,1.13,1.12
Remarketing_DPA,campaign_type,2026-02-20,60,62321.58,5362.66,27934.92,27789.77,24829.49,2.51,0.22,1.13,1.12
Remarketing_DPA,campaign_type,2026-02-21,60,62744.99,5362.66,27837.15,28086.29,24873.04,2.52,0.22,1.12,1.13
Remarketing_DPA,campaign_type,2026-02-22,60,62775.09,5362.66,27884.83,28049.77,24894.16,2.52,0.22,1.12,1.13
Remarketing_DPA,campaign_type,2026-02-23,60,63090.22,5362.66,27818.69,27899.2,24909.16,2.53,0.22,1.12,1.12
Remarketing_DPA,campaign_type,2026-02-24,60,63038.07,5362.66,27865.3,27960.57,24931.01,2.53,0.22,1.12,1.12
Remarketing_DPA,campaign_type,2026-02-25,60,62803.96,5362.66,27967.56,27917.75,24884.97,2.52,0.22,1.12,1.12
Remarketing_DPA,campaign_type,2026-02-26,60,62632.82,5362.66,27977.08,27918.94,24836.43,2.52,0.22,1.13,1.12
Remarketing_DPA,campaign_type,2026-02-27,60,62531.47,5362.66,28003.09,27854.65,24790.15,2.52,0.22,1.13,1.12
Remarketing_DPA,campaign_type,2026-02-28,60,62386.53,5362.66,27970.21,28090.81,24733.09,2.52,0.22,1.13,1.14
Remarketing_DPA,campaign_type,2026-02-01,90,10132.07,7902.27,9341.02,9618.94,4411.13,2.3,1.79,2.12,2.18
Remarketing_DPA,campaign_type,2026-02-02,90,10421.78,7840.78,9180.42,9763.4,4489.97,2.32,1.75,2.04,2.17
Remarketing_DPA,campaign_type,2026-02-03,90,10497.75,7861.99,8679.01,9679.88,4577.96,2.29,1.72,1.9,2.11
Remarketing_DPA,campaign_type,2026-02-04,90,10807.18,7949.78,8651.88,9655.68,4662.86,2.32,1.7,1.86,2.07
Remarketing_DPA,campaign_type,2026-02-05,90,11711.25,7800.44,8641.31,9867.09,4757.29,2.46,1.64,1.82,2.07
Remarketing_DPA,campaign_type,2026-02-06,90,11944.18,7896.91,8660.17,10268.39,4984.13,2.4,1.58,1.74,2.06
Remarketing_DPA,campaign_type,2026-02-07,90,12778.82,7756.19,8646.07,10610.53,5218.63,2.45,1.49,1.66,2.03
Remarketing_DPA,campaign_type,2026-02-08,90,13174.6,7670.59,8613.38,12412.0,5453.8,2.42,1.41,1.58,2.28
Remarketing_DPA,campaign_type,2026-02-09,90,13868.06,7661.68,8638.14,13447.03,5684.51,2.44,1.35,1.52,2.37
Remarketing_DPA,campaign_type,2026-02-10,90,14866.94,7646.39,8638.09,13301.31,5914.94,2.51,1.29,1.46,2.25
Remarketing_DPA,campaign_type,2026-02-11,90,15574.46,7682.63,8636.81,13261.46,6143.86,2.53,1.25,1.41,2.16
Remarketing_DPA,campaign_type,2026-02-12,90,16652.77,7545.26,8651.26,13261.11,6433.49,2.59,1.17,1.34,2.06
Remarketing_DPA,campaign_type,2026-02-13,90,17766.08,7784.83,10841.29,13228.04,6753.96,2.63,1.15,1.61,1.96
Remarketing_DPA,campaign_type,2026-02-14,90,19109.89,7748.96,10913.38,13213.54,7074.68,2.7,1.1,1.54,1.87
Remarketing_DPA,campaign_type,2026-02-15,90,19542.78,7741.09,10750.95,13210.15,7386.87,2.65,1.05,1.46,1.79
Remarketing_DPA,campaign_type,2026-02-16,90,20386.31,7747.81,10668.91,13198.0,7695.5,2.65,1.01,1.39,1.72
Remarketing_DPA,campaign_type,2026-02-17,90,21110.38,7738.64,10799.12,15297.47,8014.33,2.63,0.97,1.35,1.91
Remarketing_DPA,campaign_type,2026-02-18,90,21643.88,7806.25,10840.88,15248.45,8333.85,2.6,0.94,1.3,1.83
Remarketing_DPA,campaign_type,2026-02-19,90,22194.85,7555.41,10824.44,15237.56,8674.61,2.56,0.87,1.25,1.76
Remarketing_DPA,campaign_type,2026-02-20,90,22868.43,7728.18,10836.68,15249.95,9009.2,2.54,0.86,1.2,1.69
Remarketing_DPA,campaign_type,2026-02-21,90,23663.36,7679.06,11039.98,19369.13,9334.17,2.54,0.82,1.18,2.08
Remarketing_DPA,campaign_type,2026-02-22,90,24824.72,7690.35,11105.39,19438.81,9631.92,2.58,0.8,1.15,2.02
Remarketing_DPA,campaign_type,2026-02-23,90,26789.72,7688.41,11210.11,19422.0,10123.52,2.65,0.76,1.11,1.92
Remarketing_DPA,campaign_type,2026-02-24,90,27696.8,7694.4,11518.5,20480.57,10704.02,2.59,0.72,1.08,1.91
Remarketing_DPA,campaign_type,2026-02-25,90,28528.24,7691.22,12137.67,20423.03,11272.5,2.53,0.68,1.08,1.81
Remarketing_DPA,campaign_type,2026-02-26,90,29128.19,7535.05,11974.73,20961.4,11907.03,2.45,0.63,1.01,1.76
Remarketing_DPA,campaign_type,2026-02-27,90,29645.29,7715.7,12276.82,24078.68,12535.5,2.36,0.62,0.98,1.92
Remarketing_DPA,campaign_type,2026-02-28,90,30368.21,7728.52,12270.78,24136.39,13147.59,2.31,0.59,0.93,1.84
Organic_Social,campaign_type,2026-02-01,30,14014.36,8184.41,7740.4,16614.47,0.0,,,,
Organic_Social,campaign_type,2026-02-02,30,13476.52,7925.57,7737.54,16576.66,0.0,,,,
Organic_Social,campaign_type,2026-02-03,30,13453.7,8205.19,7699.02,16619.46,0.0,,,,
Organic_Social,campaign_type,2026-02-04,30,12514.14,8206.13,7671.67,16604.4,0.0,,,,
Organic_Social,campaign_type,2026-02-05,30,12502.61,8123.15,7709.5,16435.72,0.0,,,,
Organic_Social,campaign_type,2026-02-06,30,12081.65,8172.57,8040.56,16468.65,0.0,,,,
Organic_Social,campaign_type,2026-02-07,30,11679.26,8164.61,8052.87,16431.21,0.0,,,,
Organic_Social,campaign_type,2026-02-08,30,10055.23,8302.86,8326.11,16510.45,0.0,,,,
Organic_Social,campaign_type,2026-02-09,30,9228.07,7896.39,8315.95,16527.13,0.0,,,,
Organic_Social,campaign_type,2026-02-10,30,8853.57,7300.19,8196.04,16502.03,0.0,,,,
Organic_Social,campaign_type,2026-02-11,30,8440.23,7949.32,8232.55,16436.57,0.0,,,,
Organic_Social,campaign_type,2026-02-12,30,7847.53,8003.8,8271.35,16395.23,0.0,,,,
Organic_Social,campaign_type,2026-02-13,30,7646.48,8341.76,8298.1,16369.06,0.0,,,,
Organic_Social,campaign_type,2026-02-14,30,7229.94,8878.01,8530.58,16245.48,0.0,,,,
Organic_Social,campaign_type,2026-02-15,30,6813.06,9164.05,8731.48,16338.14,0.0,,,,
Organic_Social,campaign_type,2026-02-16,30,6311.95,8901.42,8752.35,16340.43,0.0,,,,
Organic_Social,campaign_type,2026-02-17,30,5613.34,9281.39,8115.08,16552.42,0.0,,,,
Organic_Social,campaign_type,2026-02-18,30,5254.7,9454.46,7965.62,16660.66,0.0,,,,
Organic_Social,campaign_type,2026-02-19,30,5261.96,9302.07,8037.98,16751.04,0.0,,,,
Organic_Social,campaign_type,2026-02-20,30,5220.05,9282.55,8202.89,16760.43,0.0,,,,
Organic_Social,campaign_type,2026-02-21,30,4530.57,9292.58,8022.67,16715.84,0.0,,,,
Organic_Social,campaign_type,2026-02-22,30,4565.22,9278.41,7982.92,16850.11,0.0,,,,
Organic_Social,campaign_type,2026-02-23,30,3766.57,9173.68,6393.93,16826.56,0.0,,,,
Organic_Social,campaign_type,2026-02-24,30,3430.32,9476.3,6182.0,16833.17,0.0,,,,
Organic_Social,campaign_type,2026-02-25,30,3338.87,9565.71,7429.24,16753.16,0.0,,,,
Organic_Social,campaign_type,2026-02-26,30,3136.16,9417.54,7554.08,16833.26,0.0,,,,
Organic_Social,campaign_type,2026-02-27,30,3065.66,9442.26,7547.11,16837.18,0.0,,,,
Organic_Social,campaign_type,2026-02-28,30,3025.54,9533.95,7589.58,16775.48,0.0,,,,
Organic_Social,campaign_type,2026-02-01,60,17174.48,13014.63,13547.39,13287.22,0.0,,,,
Organic_Social,campaign_type,2026-02-02,60,17911.39,11674.58,13133.74,12772.67,0.0,,,,
Organic_Social,campaign_type,2026-02-03,60,17949.65,12880.82,13617.82,12620.6,0.0,,,,
Organic_Social,campaign_type,2026-02-04,60,18889.21,12790.08,12852.0,12520.16,0.0,,,,
Organic_Social,campaign_type,2026-02-05,60,19041.17,13271.37,12827.1,12282.55,0.0,,,,
Organic_Social,campaign_type,2026-02-06,60,19608.35,13313.36,12848.06,12193.6,0.0,,,,
Organic_Social,campaign_type,2026-02-07,60,20305.83,13063.26,12818.96,12179.81,0.0,,,,
Organic_Social,campaign_type,2026-02-08,60,21713.63,13388.59,12813.37,11907.0,0.0,,,,
Organic_Social,campaign_type,2026-02-09,60,22746.35,12229.64,13179.23,12503.06,0.0,,,,
Organic_Social,campaign_type,2026-02-10,60,23195.83,12392.95,12192.86,12653.48,0.0,,,,
Organic_Social,campaign_type,2026-02-11,60,23594.42,10039.65,12901.98,12469.73,0.0,,,,
Organic_Social,campaign_type,2026-02-12,60,24182.86,9679.52,12957.58,13855.2,0.0,,,,
Organic_Social,campaign_type,2026-02-13,60,24168.4,9986.41,12946.17,13565.44,0.0,,,,
Organic_Social,campaign_type,2026-02-14,60,24576.4,9560.16,12988.58,13156.54,0.0,,,,
Organic_Social,campaign_type,2026-02-15,60,24851.49,8938.4,11148.53,12453.07,0.0,,,,
Organic_Social,campaign_type,2026-02-16,60,25412.46,7950.34,11120.13,12468.38,0.0,,,,
Organic_Social,campaign_type,2026-02-17,60,26126.13,8022.1,11052.49,12363.73,0.0,,,,
Organic_Social,campaign_type,2026-02-18,60,26447.28,8024.67,11086.86,12113.94,0.0,,,,
Organic_Social,campaign_type,2026-02-19,60,26359.68,7236.96,11407.55,12139.73,0.0,,,,
Organic_Social,campaign_type,2026-02-20,60,26229.11,7252.59,11376.54,12144.74,0.0,,,,
Organic_Social,campaign_type,2026-02-21,60,26947.73,7240.99,11065.2,12186.0,0.0,,,,
Organic_Social,campaign_type,2026-02-22,60,26831.38,7198.58,11060.74,12144.25,0.0,,,,
Organic_Social,campaign_type,2026-02-23,60,27578.6,7065.48,11048.78,12233.1,0.0,,,,
Organic_Social,campaign_type,2026-02-24,60,27811.41,7095.21,11120.29,12166.54,0.0,,,,
Organic_Social,campaign_type,2026-02-25,60,27821.75,6947.24,11127.35,12103.12,0.0,,,,
Organic_Social,campaign_type,2026-02-26,60,28014.9,6866.51,11181.61,12151.72,0.0,,,,
Organic_Social,campaign_type,2026-02-27,60,28022.75,6915.64,11186.84,12347.3,0.0,,,,
Organic_Social,campaign_type,2026-02-28,60,27967.88,6975.2,11221.6,12314.78,0.0,,,,
Organic_Social,campaign_type,2026-02-01,90,7426.08,7203.44,7293.84,8705.64,0.0,,,,
Organic_Social,campaign_type,2026-02-02,90,7840.73,7135.26,7087.32,8715.59,0.0,,,,
Organic_Social,campaign_type,2026-02-03,90,8044.95,7127.37,7048.2,8670.76,0.0,,,,
Organic_Social,campaign_type,2026-02-04,90,7958.36,7032.2,7027.22,8690.27,0.0,,,,
Organic_Social,campaign_type,2026-02-05,90,8152.78,8407.38,7123.72,15112.6,0.0,,,,
Organic_Social,campaign_type,2026-02-06,90,8358.28,8557.78,7173.22,15171.08,0.0,,,,
Organic_Social,campaign_type,2026-02-07,90,8380.47,8555.87,7202.86,15097.1,0.0,,,,
Organic_Social,campaign_type,2026-02-08,90,8751.56,8521.44,7295.46,15179.29,0.0,,,,
Organic_Social,campaign_type,2026-02-09,90,8690.18,8525.46,7310.76,15026.97,0.0,,,,
Organic_Social,campaign_type,2026-02-10,90,8986.96,9189.98,7232.75,15196.39,0.0,,,,
Organic_Social,campaign_type,2026-02-11,90,9045.13,8472.98,7277.42,15043.82,0.0,,,,
Organic_Social,campaign_type,2026-02-12,90,9284.16,8767.69,7184.71,14626.93,0.0,,,,
Organic_Social,campaign_type,2026-02-13,90,9734.45,9034.78,7225.55,14274.03,0.0,,,,
Organic_Social,campaign_type,2026-02-14,90,10193.3,9013.56,7391.26,14348.19,0.0,,,,
Organic_Social,campaign_type,2026-02-15,90,10110.11,8986.44,7252.49,10423.86,0.0,,,,
Organic_Social,campaign_type,2026-02-16,90,10247.81,8937.18,7250.54,10384.51,0.0,,,,
Organic_Social,campaign_type,2026-02-17,90,10380.87,7664.71,7229.43,10235.61,0.0,,,,
Organic_Social,campaign_type,2026-02-18,90,10600.27,7272.79,6979.1,7338.51,0.0,,,,
Organic_Social,campaign_type,2026-02-19,90,11222.04,6698.57,6958.79,6791.59,0.0,,,,
Organic_Social,campaign_type,2026-02-20,90,11230.22,7389.47,6920.24,6829.72,0.0,,,,
Organic_Social,campaign_type,2026-02-21,90,11778.85,6905.82,6960.05,6867.03,0.0,,,,
Organic_Social,campaign_type,2026-02-22,90,12217.37,6781.53,6967.71,6823.76,0.0,,,,
Organic_Social,campaign_type,2026-02-23,90,12954.49,6622.8,7062.96,6726.95,0.0,,,,
Organic_Social,campaign_type,2026-02-24,90,14490.03,6617.7,7049.47,6745.45,0.0,,,,
Organic_Social,campaign_type,2026-02-25,90,15121.95,6634.57,7036.06,6755.05,0.0,,,,
Organic_Social,campaign_type,2026-02-26,90,16506.68,6633.39,7057.49,6813.5,0.0,,,,
Organic_Social,campaign_type,2026-02-27,90,18125.16,6248.17,7062.37,6821.53,0.0,,,,
Organic_Social,campaign_type,2026-02-28,90,18892.81,6254.13,7069.79,6559.09,0.0,,,,
Remarketing_Brand,campaign_type,2026-02-01,30,8682.65,0.0,9894.16,10372.32,3062.79,2.83,0.0,3.23,3.39
Remarketing_Brand,campaign_type,2026-02-02,30,8638.02,0.0,9907.68,10337.49,2922.93,2.96,0.0,3.39,3.54
Remarketing_Brand,campaign_type,2026-02-03,30,9093.29,0.0,9744.62,10333.58,2807.08,3.24,0.0,3.47,3.68
Remarketing_Brand,campaign_type,2026-02-04,30,8995.89,0.0,9701.03,10439.61,2677.79,3.36,0.0,3.62,3.9
Remarketing_Brand,campaign_type,2026-02-05,30,7528.52,0.0,9770.29,10452.45,2471.28,3.05,0.0,3.95,4.23
Remarketing_Brand,campaign_type,2026-02-06,30,6262.97,0.0,9742.95,10475.11,2341.51,2.67,0.0,4.16,4.47
Remarketing_Brand,campaign_type,2026-02-07,30,6092.95,0.0,9744.9,10468.16,2293.06,2.66,0.0,4.25,4.57
Remarketing_Brand,campaign_type,2026-02-08,30,6088.49,0.0,9860.65,10468.81,2264.96,2.69,0.0,4.35,4.62
Remarketing_Brand,campaign_type,2026-02-09,30,5977.63,0.0,9834.76,10476.52,2139.25,2.79,0.0,4.6,4.9
Remarketing_Brand,campaign_type,2026-02-10,30,6013.96,0.0,9810.97,10500.25,2050.92,2.93,0.0,4.78,5.12
Remarketing_Brand,campaign_type,2026-02-11,30,6022.4,0.0,9225.08,9586.6,1924.13,3.13,0.0,4.79,4.98
Remarketing_Brand,campaign_type,2026-02-12,30,6048.04,0.0,9195.01,9621.42,1770.02,3.42,0.0,5.19,5.44
Remarketing_Brand,campaign_type,2026-02-13,30,4358.86,0.0,7769.36,8843.93,1450.48,3.01,0.0,5.36,6.1
Remarketing_Brand,campaign_type,2026-02-14,30,4582.51,0.0,7120.83,8670.26,1343.57,3.41,0.0,5.3,6.45
Remarketing_Brand,campaign_type,2026-02-15,30,4386.66,0.0,6755.14,8688.44,1192.71,3.68,0.0,5.66,7.28
Remarketing_Brand,campaign_type,2026-02-16,30,4352.34,0.0,6535.12,8687.14,1156.54,3.76,0.0,5.65,7.51
Remarketing_Brand,campaign_type,2026-02-17,30,3982.11,0.0,5967.8,8090.61,1001.23,3.98,0.0,5.96,8.08
Remarketing_Brand,campaign_type,2026-02-18,30,3703.6,0.0,4502.77,8114.49,795.18,4.66,0.0,5.66,10.2
Remarketing_Brand,campaign_type,2026-02-19,30,3658.94,0.0,4566.82,8143.45,761.85,4.8,0.0,5.99,10.69
Remarketing_Brand,campaign_type,2026-02-20,30,3658.94,0.0,4562.2,8091.21,731.86,5.0,0.0,6.23,11.06
Remarketing_Brand,campaign_type,2026-02-21,30,3338.71,0.0,4620.42,8089.38,700.68,4.76,0.0,6.59,11.55
Remarketing_Brand,campaign_type,2026-02-22,30,3316.62,0.0,4640.17,8001.6,673.57,4.92,0.0,6.89,11.88
Remarketing_Brand,campaign_type,2026-02-23,30,3316.62,0.0,4618.19,8005.01,649.66,5.11,0.0,7.11,12.32
Remarketing_Brand,campaign_type,2026-02-24,30,3316.62,0.0,4637.32,7943.82,617.0,5.38,0.0,7.52,12.87
Remarketing_Brand,campaign_type,2026-02-25,30,3316.62,0.0,4638.45,7964.94,613.4,5.41,0.0,7.56,12.98
Remarketing_Brand,campaign_type,2026-02-26,30,3316.62,0.0,4640.79,7993.72,610.24,5.43,0.0,7.6,13.1
Remarketing_Brand,campaign_type,2026-02-27,30,3248.01,0.0,4606.75,7943.02,606.74,5.35,0.0,7.59,13.09
Remarketing_Brand,campaign_type,2026-02-28,30,3199.91,0.0,4604.7,7943.14,603.46,5.3,0.0,7.63,13.16
Remarketing_Brand,campaign_type,2026-02-01,60,10354.67,0.0,9014.65,10258.81,4132.48,2.51,0.0,2.18,2.48
Remarketing_Brand,campaign_type,2026-02-02,60,10187.42,0.0,7847.41,10451.14,4253.53,2.4,0.0,1.84,2.46
Remarketing_Brand,campaign_type,2026-02-03,60,10382.08,0.0,7845.45,10404.15,4390.57,2.36,0.0,1.79,2.37
Remarketing_Brand,campaign_type,2026-02-04,60,10536.26,0.0,7765.69,10410.14,4536.96,2.32,0.0,1.71,2.29
Remarketing_Brand,campaign_type,2026-02-05,60,11998.81,0.0,7767.41,10568.73,4756.67,2.52,0.0,1.63,2.22
Remarketing_Brand,campaign_type,2026-02-06,60,13101.65,0.0,7764.36,10561.89,4905.03,2.67,0.0,1.58,2.15
Remarketing_Brand,campaign_type,2026-02-07,60,13271.67,0.0,7763.51,10563.15,4969.6,2.67,0.0,1.56,2.13
Remarketing_Brand,campaign_type,2026-02-08,60,13442.08,0.0,7761.65,10574.83,5018.58,2.68,0.0,1.55,2.11
Remarketing_Brand,campaign_type,2026-02-09,60,13888.41,0.0,7709.65,10583.48,5167.1,2.69,0.0,1.49,2.05
Remarketing_Brand,campaign_type,2026-02-10,60,13969.94,0.0,7700.51,10572.53,5279.39,2.65,0.0,1.46,2.0
Remarketing_Brand,campaign_type,2026-02-11,60,13868.04,0.0,7688.01,10572.39,5423.32,2.56,0.0,1.42,1.95
Remarketing_Brand,campaign_type,2026-02-12,60,14053.03,0.0,7530.05,10483.94,5604.77,2.51,0.0,1.34,1.87
Remarketing_Brand,campaign_type,2026-02-13,60,15643.54,0.0,7351.96,10479.99,5935.57,2.64,0.0,1.24,1.77
Remarketing_Brand,campaign_type,2026-02-14,60,15861.39,0.0,7364.3,10487.3,6053.01,2.62,0.0,1.22,1.73
Remarketing_Brand,campaign_type,2026-02-15,60,16320.1,0.0,7092.36,10524.9,6223.93,2.62,0.0,1.14,1.69
Remarketing_Brand,campaign_type,2026-02-16,60,16544.27,0.0,7094.15,10533.55,6280.21,2.63,0.0,1.13,1.68
Remarketing_Brand,campaign_type,2026-02-17,60,16895.66,0.0,7096.45,10509.68,6454.26,2.62,0.0,1.1,1.63
Remarketing_Brand,campaign_type,2026-02-18,60,17002.72,0.0,7078.54,10471.84,6643.95,2.56,0.0,1.07,1.58
Remarketing_Brand,campaign_type,2026-02-19,60,17047.38,0.0,7089.65,10475.78,6668.83,2.56,0.0,1.06,1.57
Remarketing_Brand,campaign_type,2026-02-20,60,17047.38,0.0,7094.68,10537.58,6680.42,2.55,0.0,1.06,1.58
Remarketing_Brand,campaign_type,2026-02-21,60,17346.52,0.0,7116.74,10522.1,6690.26,2.59,0.0,1.06,1.57
Remarketing_Brand,campaign_type,2026-02-22,60,17341.92,0.0,7115.58,10522.48,6697.01,2.59,0.0,1.06,1.57
Remarketing_Brand,campaign_type,2026-02-23,60,17271.94,0.0,7131.23,10531.13,6703.36,2.58,0.0,1.06,1.57
Remarketing_Brand,campaign_type,2026-02-24,60,17220.18,0.0,7187.87,10509.53,6713.68,2.56,0.0,1.07,1.57
Remarketing_Brand,campaign_type,2026-02-25,60,17168.27,0.0,7183.0,10509.53,6696.05,2.56,0.0,1.07,1.57
Remarketing_Brand,campaign_type,2026-02-26,60,17168.27,0.0,7183.1,10513.48,6680.77,2.57,0.0,1.08,1.57
Remarketing_Brand,campaign_type,2026-02-27,60,17142.29,0.0,7171.63,10442.03,6665.66,2.57,0.0,1.08,1.57
Remarketing_Brand,campaign_type,2026-02-28,60,16844.75,0.0,7171.86,10443.3,6643.15,2.54,0.0,1.08,1.57
Remarketing_Brand,campaign_type,2026-02-01,90,6291.75,0.0,5890.4,6149.53,1800.18,3.5,0.0,3.27,3.42
Remarketing_Brand,campaign_type,2026-02-02,90,6681.7,0.0,5812.79,6028.0,1819.05,3.67,0.0,3.2,3.31
Remarketing_Brand,campaign_type,2026-02-03,90,7062.34,0.0,5766.75,5969.05,1828.69,3.86,0.0,3.15,3.26
Remarketing_Brand,campaign_type,2026-02-04,90,7289.92,0.0,5648.81,5700.98,1829.86,3.98,0.0,3.09,3.12
Remarketing_Brand,campaign_type,2026-02-05,90,7362.13,0.0,5661.41,5702.13,1838.6,4.0,0.0,3.08,3.1
Remarketing_Brand,campaign_type,2026-02-06,90,7633.99,0.0,6459.3,5710.04,1893.49,4.03,0.0,3.41,3.02
Remarketing_Brand,campaign_type,2026-02-07,90,7801.7,0.0,6538.94,5699.24,1953.55,3.99,0.0,3.35,2.92
Remarketing_Brand,campaign_type,2026-02-08,90,8199.16,0.0,6464.06,5685.28,2018.65,4.06,0.0,3.2,2.82
Remarketing_Brand,campaign_type,2026-02-09,90,8370.93,0.0,6415.51,5668.52,2093.89,4.0,0.0,3.06,2.71
Remarketing_Brand,campaign_type,2026-02-10,90,8298.31,0.0,6423.01,5668.33,2153.2,3.85,0.0,2.98,2.63
Remarketing_Brand,campaign_type,2026-02-11,90,8307.65,0.0,6427.9,5664.45,2189.07,3.8,0.0,2.94,2.59
Remarketing_Brand,campaign_type,2026-02-12,90,8923.21,0.0,6426.14,5551.13,2280.22,3.91,0.0,2.82,2.43
Remarketing_Brand,campaign_type,2026-02-13,90,9132.12,0.0,7249.06,5999.86,2407.46,3.79,0.0,3.01,2.49
Remarketing_Brand,campaign_type,2026-02-14,90,9226.9,0.0,7335.37,7048.3,2531.91,3.64,0.0,2.9,2.78
Remarketing_Brand,campaign_type,2026-02-15,90,9521.99,0.0,7694.85,8517.04,2662.72,3.58,0.0,2.89,3.2
Remarketing_Brand,campaign_type,2026-02-16,90,9694.86,0.0,7690.43,9259.56,2783.54,3.48,0.0,2.76,3.33
Remarketing_Brand,campaign_type,2026-02-17,90,9852.52,0.0,7704.54,9256.8,2911.1,3.38,0.0,2.65,3.18
Remarketing_Brand,campaign_type,2026-02-18,90,9852.52,0.0,7687.72,9250.09,3032.38,3.25,0.0,2.54,3.05
Remarketing_Brand,campaign_type,2026-02-19,90,10153.57,0.0,7825.68,9392.68,3173.04,3.2,0.0,2.47,2.96
Remarketing_Brand,campaign_type,2026-02-20,90,10385.16,0.0,7815.19,10416.84,3313.65,3.13,0.0,2.36,3.14
Remarketing_Brand,campaign_type,2026-02-21,90,10282.31,0.0,7800.53,11020.64,3445.68,2.98,0.0,2.26,3.2
Remarketing_Brand,campaign_type,2026-02-22,90,10738.46,0.0,7753.74,11006.52,3570.88,3.01,0.0,2.17,3.08
Remarketing_Brand,campaign_type,2026-02-23,90,10653.97,0.0,7755.85,13132.07,3695.65,2.88,0.0,2.1,3.55
Remarketing_Brand,campaign_type,2026-02-24,90,10694.14,0.0,8119.9,15257.86,3830.09,2.79,0.0,2.12,3.98
Remarketing_Brand,campaign_type,2026-02-25,90,10806.68,0.0,8414.07,15223.32,3943.77,2.74,0.0,2.13,3.86
Remarketing_Brand,campaign_type,2026-02-26,90,11079.66,0.0,8493.36,15223.82,4084.73,2.71,0.0,2.08,3.73
Remarketing_Brand,campaign_type,2026-02-27,90,11210.31,0.0,8499.95,15223.84,4223.92,2.65,0.0,2.01,3.6
Remarketing_Brand,campaign_type,2026-02-28,90,11270.74,0.0,8912.98,15279.06,4362.86,2.58,0.0,2.04,3.5
